"Area_Name","State","X25_02_2020","X26_02_2020","X27_02_2020","X28_02_2020","X29_02_2020","X01_03_2020","X02_03_2020","X03_03_2020","X04_03_2020","X05_03_2020","X06_03_2020","X07_03_2020","X08_03_2020","X09_03_2020","X10_03_2020","X11_03_2020","X12_03_2020","X13_03_2020","X14_03_2020","X15_03_2020","X16_03_2020","X17_03_2020","X18_03_2020","X19_03_2020","X20_03_2020","X21_03_2020","X22_03_2020","X23_03_2020","X24_03_2020","X25_03_2020","X26_03_2020","X27_03_2020","X28_03_2020","X29_03_2020","X30_03_2020","X31_03_2020","X01_04_2020","X02_04_2020","X03_04_2020","X04_04_2020","X05_04_2020","X06_04_2020","X07_04_2020","X08_04_2020","X09_04_2020","X10_04_2020","X11_04_2020","X12_04_2020","X13_04_2020","X14_04_2020","X15_04_2020","X16_04_2020","X17_04_2020","X18_04_2020","X19_04_2020","X20_04_2020","X21_04_2020","X22_04_2020","X23_04_2020","X24_04_2020","X25_04_2020","X26_04_2020","X27_04_2020","X28_04_2020","X29_04_2020","X30_04_2020","X01_05_2020","X02_05_2020","X03_05_2020","X04_05_2020","X05_05_2020","X06_05_2020","X07_05_2020","X08_05_2020","X09_05_2020","X10_05_2020","X11_05_2020","X12_05_2020","X13_05_2020","X14_05_2020","X15_05_2020","X16_05_2020","X17_05_2020","X18_05_2020","X19_05_2020","X20_05_2020","X21_05_2020","X22_05_2020","X23_05_2020","X24_05_2020","X25_05_2020","X26_05_2020","X27_05_2020","X28_05_2020","X29_05_2020","X30_05_2020","X31_05_2020","X01_06_2020","X02_06_2020","X03_06_2020","X04_06_2020","X05_06_2020","X06_06_2020","X07_06_2020","X08_06_2020","X09_06_2020","X10_06_2020","X11_06_2020","X12_06_2020","X13_06_2020","X14_06_2020","X15_06_2020","X16_06_2020","X17_06_2020","X18_06_2020","X19_06_2020","X20_06_2020","X21_06_2020","X22_06_2020","X23_06_2020","X24_06_2020","X25_06_2020","X26_06_2020","X27_06_2020","X28_06_2020","X29_06_2020","X30_06_2020","X01_07_2020","X02_07_2020","X03_07_2020","X04_07_2020","X05_07_2020","X06_07_2020","X07_07_2020","X08_07_2020","X09_07_2020","X10_07_2020","X11_07_2020","X12_07_2020","X13_07_2020","X14_07_2020","X15_07_2020","X16_07_2020","X17_07_2020","X18_07_2020","X19_07_2020","X20_07_2020","X21_07_2020","X22_07_2020","X23_07_2020","X24_07_2020","X25_07_2020","X26_07_2020","X27_07_2020","X28_07_2020","X29_07_2020","X30_07_2020","X31_07_2020","X01_08_2020","X02_08_2020","X03_08_2020","X04_08_2020","X05_08_2020","X06_08_2020","X07_08_2020","X08_08_2020","X09_08_2020","X10_08_2020","X11_08_2020","X12_08_2020","X13_08_2020","X14_08_2020","X15_08_2020","X16_08_2020","X17_08_2020","X18_08_2020","X19_08_2020","X20_08_2020","X21_08_2020","X22_08_2020","X23_08_2020","X24_08_2020","X25_08_2020","X26_08_2020","X27_08_2020","X28_08_2020","X29_08_2020","X30_08_2020","X31_08_2020","X01_09_2020","X02_09_2020","X03_09_2020","X04_09_2020","X05_09_2020","X06_09_2020","X07_09_2020","X08_09_2020","X09_09_2020","X10_09_2020","X11_09_2020","X12_09_2020","X13_09_2020","X14_09_2020","X15_09_2020","X16_09_2020","X17_09_2020","X18_09_2020","X19_09_2020","X20_09_2020","X21_09_2020","X22_09_2020","X23_09_2020","X24_09_2020","X25_09_2020","X26_09_2020","X27_09_2020","X28_09_2020","X29_09_2020","X30_09_2020","X01_10_2020","X02_10_2020","X03_10_2020","X04_10_2020","X05_10_2020","X06_10_2020","X07_10_2020","X08_10_2020","X09_10_2020","X10_10_2020","X11_10_2020","X12_10_2020","X13_10_2020","X14_10_2020","X15_10_2020","X16_10_2020","X17_10_2020","X18_10_2020","X19_10_2020","X20_10_2020","X21_10_2020","X22_10_2020","X23_10_2020","X24_10_2020","X25_10_2020","X26_10_2020","X27_10_2020","X28_10_2020","X29_10_2020","X30_10_2020","X31_10_2020","X01_11_2020","X02_11_2020","X03_11_2020","X04_11_2020","X05_11_2020","X06_11_2020","X07_11_2020","X08_11_2020","X09_11_2020","X10_11_2020","X11_11_2020","X12_11_2020","X13_11_2020","X14_11_2020","X15_11_2020","X16_11_2020","X17_11_2020","X18_11_2020","X19_11_2020","X20_11_2020","X21_11_2020","X22_11_2020","X23_11_2020","X24_11_2020","X25_11_2020","X26_11_2020","X27_11_2020","X28_11_2020","X29_11_2020","X30_11_2020","X01_12_2020","X02_12_2020","X03_12_2020","X04_12_2020","X05_12_2020","X06_12_2020","X07_12_2020","X08_12_2020","X09_12_2020","X10_12_2020","X11_12_2020","X12_12_2020","X13_12_2020","X14_12_2020","X15_12_2020","X16_12_2020","X17_12_2020","X18_12_2020","X19_12_2020","X20_12_2020","X21_12_2020","X22_12_2020","X23_12_2020","X24_12_2020","X25_12_2020","X26_12_2020","X27_12_2020","X28_12_2020","X29_12_2020","X30_12_2020","X31_12_2020","X01_01_2021","X02_01_2021","X03_01_2021","X04_01_2021","X05_01_2021","X06_01_2021","X07_01_2021","X08_01_2021","X09_01_2021","X10_01_2021","X11_01_2021","X12_01_2021","X13_01_2021","X14_01_2021","X15_01_2021","X16_01_2021","X17_01_2021","X18_01_2021","X19_01_2021","X20_01_2021","X21_01_2021","X22_01_2021","X23_01_2021","X24_01_2021","X25_01_2021","X26_01_2021","X27_01_2021","X28_01_2021","X29_01_2021","X30_01_2021","X31_01_2021","X01_02_2021","X02_02_2021","X03_02_2021","X04_02_2021","X05_02_2021","X06_02_2021","X07_02_2021","X08_02_2021","X09_02_2021","X10_02_2021","X11_02_2021","X12_02_2021","X13_02_2021","X14_02_2021","X15_02_2021","X16_02_2021","X17_02_2021","X18_02_2021","X19_02_2021","X20_02_2021","X21_02_2021","X22_02_2021","X23_02_2021","X24_02_2021","X25_02_2021","X26_02_2021","X27_02_2021","X28_02_2021","X01_03_2021","X02_03_2021","X03_03_2021","X04_03_2021","X05_03_2021","X06_03_2021","X07_03_2021","X08_03_2021","X09_03_2021","X10_03_2021","X11_03_2021","X12_03_2021","X13_03_2021","X14_03_2021","X15_03_2021","X16_03_2021","X17_03_2021","X18_03_2021","X19_03_2021","X20_03_2021","X21_03_2021","X22_03_2021","X23_03_2021","X24_03_2021","X25_03_2021","X26_03_2021","X27_03_2021","X28_03_2021","X29_03_2021","City_ibge_code"
"Acrelândia","AC",0,0,0,0,0,0,0,0,0,0,0,0,0,0,0,0,0,0,0,0,0,0,0,0,0,0,0,0,0,0,0,0,0,2,6,7,8,8,9,9,9,9,9,9,9,9,9,10,11,11,11,12,12,12,12,12,12,12,12,12,12,12,13,13,13,13,13,13,15,15,16,16,16,17,28,30,30,31,39,47,59,67,67,74,74,74,99,119,129,129,129,132,145,150,158,158,158,158,158,160,160,165,165,165,166,167,167,167,172,172,178,178,178,180,181,181,181,181,185,185,185,185,192,192,192,192,192,194,199,199,199,201,201,211,211,212,222,222,222,222,227,229,237,237,247,247,247,248,248,248,253,253,253,254,271,271,277,277,277,277,287,293,293,299,299,299,304,304,308,332,363,371,373,373,378,398,398,403,403,403,408,408,420,422,425,427,428,428,428,428,428,432,432,435,435,435,437,437,440,440,446,446,446,448,452,453,454,455,455,457,457,461,464,466,468,468,468,468,471,471,471,472,472,472,472,472,472,477,478,478,478,478,478,478,479,480,480,485,485,485,485,489,491,491,491,491,491,492,492,492,492,492,492,492,492,492,498,498,498,498,498,498,498,498,498,498,498,498,498,503,503,503,503,503,503,503,507,509,516,516,516,516,516,516,517,517,518,518,519,520,525,527,527,528,528,528,528,530,537,537,547,548,552,556,556,556,556,556,557,563,563,563,563,563,563,563,569,572,574,574,574,574,574,576,580,584,592,592,592,594,597,603,614,622,622,623,623,625,638,642,647,647,647,647,648,682,687,699,703,713,729,735,752,752,757,758,768,772,785,787,790,801,808,822,824,826,841,847,858,860,879,879,890,897,906,940,944,961,973,973,981,981,1012,1012,1032,1059,1061,1102,1115,1140,1141,1157,1157,1211,1260,1269,1287,1297,1297,1200013
"Assis Brasil","AC",0,0,0,0,0,0,0,0,0,0,0,0,0,0,0,0,0,0,0,0,0,0,0,0,0,0,0,0,0,0,0,0,0,0,0,0,0,0,0,0,0,0,0,0,0,0,0,0,0,0,0,0,0,0,0,0,0,0,0,0,0,0,0,0,0,0,1,1,1,1,1,1,1,1,1,1,1,1,1,1,1,1,1,1,2,2,7,7,7,7,7,8,19,22,23,25,27,28,35,43,43,56,59,59,60,69,79,79,88,88,95,95,99,109,128,131,139,139,141,141,147,147,171,171,174,174,175,186,196,196,196,196,196,206,207,211,221,224,224,224,227,231,233,233,238,245,245,245,262,265,276,280,280,281,305,311,316,316,328,328,340,349,370,383,383,383,386,386,392,411,420,434,439,439,439,440,445,454,454,471,472,472,480,487,490,494,503,503,503,504,504,506,511,518,518,519,521,538,544,550,559,560,560,562,577,582,583,584,584,584,592,592,593,606,617,617,617,619,628,629,629,639,639,639,639,639,639,649,649,649,649,650,650,650,698,700,700,700,706,706,707,708,709,709,709,709,710,710,710,710,710,710,710,711,711,719,721,721,723,723,723,723,724,724,724,724,724,727,727,731,731,731,731,731,731,731,731,731,731,732,733,733,733,733,733,733,733,733,738,739,739,743,743,744,744,744,747,747,755,755,755,755,755,756,761,761,761,761,761,761,762,762,762,762,762,762,762,762,762,762,762,762,762,763,771,771,813,813,813,814,814,814,814,816,818,831,834,836,862,898,898,899,899,920,920,920,920,954,954,954,984,1000,1001,1010,1019,1019,1037,1037,1037,1037,1038,1044,1044,1044,1046,1064,1119,1122,1146,1154,1154,1154,1172,1174,1181,1184,1184,1187,1187,1195,1200,1216,1230,1231,1231,1237,1237,1241,1269,1292,1292,1310,1310,1312,1312,1317,1319,1319,1319,1200054
"Brasiléia","AC",0,0,0,0,0,0,0,0,0,0,0,0,0,0,0,0,0,0,0,0,0,0,0,0,0,0,0,0,0,0,0,0,0,0,0,0,0,0,0,0,0,0,0,0,0,0,0,0,0,0,0,0,0,0,0,0,0,0,0,0,0,0,0,0,0,0,0,0,0,0,0,0,0,0,1,1,1,3,3,3,3,3,4,5,6,6,23,29,29,29,31,31,34,34,35,35,37,38,38,54,54,94,111,111,128,152,176,176,186,186,207,213,213,236,236,236,236,236,261,267,287,287,315,320,320,344,344,407,422,422,438,443,444,465,474,477,496,507,507,507,534,556,596,596,602,618,618,618,634,638,683,712,712,712,760,763,791,791,792,793,832,834,852,871,871,871,897,900,909,913,916,935,936,936,942,1035,1057,1064,1064,1079,1093,1093,1094,1098,1101,1109,1109,1113,1113,1115,1115,1129,1136,1139,1139,1141,1143,1143,1145,1147,1148,1152,1152,1153,1153,1153,1153,1153,1153,1155,1157,1159,1163,1164,1165,1165,1165,1166,1166,1166,1166,1166,1166,1166,1166,1166,1166,1166,1166,1166,1166,1166,1166,1166,1166,1166,1166,1166,1166,1166,1171,1172,1181,1181,1183,1183,1183,1184,1185,1185,1185,1185,1186,1186,1188,1188,1190,1190,1192,1197,1197,1200,1202,1203,1203,1206,1207,1207,1210,1214,1215,1218,1218,1219,1219,1222,1223,1223,1223,1227,1227,1227,1227,1227,1227,1227,1228,1228,1228,1231,1231,1231,1231,1231,1231,1231,1231,1231,1245,1245,1247,1252,1253,1261,1261,1261,1283,1283,1285,1287,1298,1298,1305,1305,1334,1335,1336,1336,1361,1393,1395,1404,1404,1405,1425,1425,1442,1457,1457,1458,1488,1502,1520,1527,1550,1550,1568,1578,1591,1600,1602,1622,1626,1634,1682,1694,1694,1723,1723,1738,1747,1762,1776,1777,1792,1793,1793,1793,1797,1797,1800,1812,1812,1825,1827,1831,1839,1844,1852,1853,1858,1858,1868,1869,1877,1910,1911,1918,1919,1919,1924,1935,1953,1954,1957,1958,1974,1994,2002,2016,2016,2022,2022,2043,2044,2068,2079,2079,2079,1200104
"Bujari","AC",0,0,0,0,0,0,0,0,0,0,0,0,0,0,0,0,0,0,0,0,0,0,0,0,0,0,0,0,0,0,0,0,0,0,0,0,0,0,0,0,0,0,0,1,1,1,1,1,1,1,1,1,1,1,1,1,1,1,1,1,1,1,1,1,2,2,2,2,2,2,2,3,4,4,4,4,4,8,16,16,17,18,18,18,18,18,21,24,27,29,29,33,38,41,43,48,49,49,49,49,49,69,72,77,77,88,90,93,93,96,98,98,103,109,124,124,128,132,136,146,149,151,160,169,178,178,181,204,212,212,230,232,232,237,248,260,262,267,270,270,270,271,280,280,281,283,290,292,295,297,301,305,305,311,313,318,322,322,325,325,325,329,332,333,334,336,341,342,346,347,349,351,351,352,352,353,355,355,355,362,362,362,362,362,362,364,366,366,366,367,367,367,367,368,368,369,369,370,370,370,371,371,371,371,371,373,373,373,373,373,373,373,373,374,374,374,374,376,377,378,378,378,378,378,384,384,386,386,386,386,386,388,388,389,390,392,392,392,394,395,397,399,400,401,401,404,404,405,406,406,406,406,406,406,406,406,412,414,414,415,416,426,427,427,429,429,429,429,429,429,429,429,429,429,429,430,430,430,430,430,430,447,451,455,456,456,457,457,465,466,468,474,474,475,475,475,483,488,490,490,490,491,491,491,491,491,491,491,491,491,491,491,491,491,491,492,492,492,492,492,493,493,493,494,500,501,505,505,505,505,505,506,508,508,509,513,513,513,513,514,520,521,521,524,524,525,525,534,534,538,539,542,553,556,561,567,567,568,571,571,579,583,587,587,587,593,593,611,613,619,630,632,633,662,678,695,722,728,728,732,773,791,793,802,836,836,844,859,875,890,896,900,901,902,914,920,925,939,939,1200138
"Capixaba","AC",0,0,0,0,0,0,0,0,0,0,0,0,0,0,0,0,0,0,0,0,0,0,0,0,0,0,0,0,0,0,0,0,0,0,0,0,0,0,0,0,0,0,0,0,0,0,0,0,0,0,0,0,0,0,0,0,0,0,0,0,0,0,0,0,0,0,0,0,0,0,0,0,0,1,1,1,1,1,1,1,2,2,2,8,10,10,13,13,17,24,24,28,29,35,36,40,40,40,43,45,45,61,64,64,65,73,73,83,84,95,97,98,99,99,107,110,112,117,122,122,122,128,135,140,142,142,144,144,145,146,153,155,157,159,159,166,167,174,181,181,181,181,181,182,192,192,192,195,197,199,199,203,203,204,204,205,205,211,213,213,215,226,226,229,230,230,232,232,232,233,233,236,239,239,239,240,240,243,243,243,243,243,245,245,246,246,246,246,246,247,247,247,247,247,248,248,248,248,248,248,248,248,248,249,249,249,249,249,249,249,249,249,250,250,250,250,250,253,255,255,255,255,255,255,255,255,255,255,255,255,255,255,255,255,255,255,255,255,256,256,256,256,256,256,256,256,256,256,256,256,256,256,256,257,257,257,257,257,257,257,258,258,258,259,260,260,260,260,260,263,263,263,263,265,265,276,276,276,276,276,279,279,287,289,289,291,291,291,291,292,292,294,294,294,294,294,294,294,301,301,301,302,302,302,302,302,302,302,304,305,305,305,306,306,306,306,306,306,306,308,314,314,314,318,318,321,322,322,322,323,323,323,323,323,323,324,324,328,328,328,332,333,333,337,337,337,338,338,338,338,338,346,347,347,349,349,349,352,353,353,354,357,357,357,357,358,359,363,363,363,364,364,365,365,366,368,377,377,378,378,378,378,378,380,385,387,387,387,389,389,389,411,415,415,415,428,430,433,433,1200179
"Cruzeiro do Sul","AC",0,0,0,0,0,0,0,0,0,0,0,0,0,0,0,0,0,0,0,0,0,0,0,0,0,0,0,0,0,0,0,0,0,0,0,0,0,0,0,0,0,0,0,0,0,0,0,0,2,2,2,2,2,2,5,5,5,5,5,5,5,5,5,5,5,5,12,12,12,12,22,26,26,47,47,75,81,85,125,144,162,210,211,215,235,235,329,417,431,440,441,458,483,606,627,670,702,703,703,739,739,880,982,1359,1383,1456,1630,1664,1673,1691,1701,1707,1731,1745,1823,1837,1861,1861,1881,1918,1940,1973,1997,2020,2039,2041,2049,2079,2116,2117,2165,2168,2169,2180,2192,2226,2269,2346,2361,2373,2378,2398,2398,2405,2416,2422,2465,2465,2541,2594,2601,2623,2627,2628,2658,2709,2720,2721,2735,2735,2779,2825,2844,2859,2859,2859,2859,2859,2859,2908,2921,2938,2941,2942,2942,2961,3023,3031,3035,3046,3046,3046,3051,3063,3081,3117,3132,3132,3132,3148,3148,3163,3179,3208,3208,3208,3209,3224,3253,3263,3274,3274,3274,3282,3301,3327,3351,3379,3381,3382,3407,3439,3453,3465,3474,3474,3474,3474,3494,3506,3506,3513,3513,3514,3533,3533,3533,3536,3536,3537,3537,3552,3553,3568,3582,3591,3592,3595,3602,3617,3620,3625,3632,3632,3634,3638,3644,3650,3653,3654,3658,3660,3662,3667,3667,3678,3681,3682,3683,3698,3716,3723,3723,3732,3734,3737,3742,3746,3763,3770,3770,3771,3775,3781,3784,3785,3824,3825,3826,3838,3879,3884,3895,3900,3902,3903,3908,3908,3917,3921,3923,3930,3930,3958,3964,3971,3981,3996,4044,4044,4059,4059,4062,4066,4076,4076,4088,4088,4100,4111,4121,4124,4125,4125,4125,4127,4154,4156,4190,4193,4194,4197,4201,4210,4236,4240,4271,4271,4271,4328,4340,4365,4390,4391,4392,4393,4403,4409,4433,4464,4486,4493,4529,4534,4549,4592,4593,4634,4637,4645,4738,4805,4881,4982,5050,5052,5224,5237,5297,5311,5326,5334,5336,5341,5451,5493,5539,5654,5756,5760,5763,5763,5772,5809,5921,5957,5959,5989,5992,6012,6070,6154,6334,6335,6335,6401,6491,6545,6570,6578,6578,6664,6664,6730,6767,6794,6846,6846,6846,1200203
"Epitaciolândia","AC",0,0,0,0,0,0,0,0,0,0,0,0,0,0,0,0,0,0,0,0,0,0,0,0,0,0,0,0,0,0,0,0,0,0,0,0,0,0,0,0,0,0,0,0,0,0,0,0,0,0,0,0,0,0,0,0,0,0,0,0,0,0,0,0,0,0,0,0,0,0,0,0,2,2,2,2,2,2,2,3,3,4,13,15,15,15,35,35,40,40,45,51,56,57,59,60,60,78,79,89,89,90,94,95,95,102,102,111,111,111,119,119,119,120,120,133,133,133,139,139,147,148,148,148,148,157,157,172,180,180,185,188,188,197,199,205,223,226,226,226,244,253,254,254,263,271,273,280,283,285,303,303,303,303,328,337,354,354,357,357,373,373,391,400,400,401,407,407,409,420,423,429,429,429,441,456,456,463,464,464,470,470,480,483,483,485,487,487,487,487,487,487,487,487,487,491,491,492,492,492,492,492,492,492,492,492,496,498,498,499,499,503,503,503,504,504,504,504,511,511,511,514,514,515,515,515,515,516,516,516,516,517,517,519,519,521,521,522,522,522,522,522,523,523,523,525,526,526,527,527,528,528,528,528,528,529,531,533,533,533,533,534,534,534,534,537,537,537,537,542,542,543,544,544,544,547,547,547,551,553,556,559,560,560,560,560,560,560,560,564,564,564,564,565,565,565,568,570,582,582,586,587,590,593,594,594,594,594,598,599,603,603,604,604,613,613,614,614,629,636,636,643,643,649,662,668,671,713,713,713,715,717,726,728,741,742,757,759,767,771,792,792,795,800,818,852,853,899,899,905,931,940,948,949,976,976,981,986,990,990,991,993,993,994,995,996,996,1007,1007,1012,1015,1015,1015,1016,1018,1025,1025,1033,1037,1037,1038,1040,1047,1050,1053,1053,1054,1060,1063,1069,1069,1079,1079,1093,1104,1112,1116,1116,1116,1200252
"Feijó","AC",0,0,0,0,0,0,0,0,0,0,0,0,0,0,0,0,0,0,0,0,0,0,0,0,0,0,0,0,0,0,0,0,0,0,0,0,0,0,0,0,0,0,0,0,0,0,0,0,0,0,0,0,0,0,0,0,0,0,0,0,0,0,0,0,0,0,0,1,1,1,1,1,1,1,1,1,1,1,1,1,1,2,2,2,2,2,2,2,2,2,2,6,7,7,8,13,13,13,16,24,24,33,35,43,43,51,57,62,62,75,76,76,89,99,115,127,144,144,144,157,177,193,205,220,221,222,222,262,269,269,284,290,303,309,314,342,351,386,411,411,416,435,464,491,502,509,551,562,568,571,572,599,615,617,617,622,629,629,686,700,716,738,765,804,812,840,844,846,860,872,914,923,927,953,962,968,976,1008,1008,1010,1024,1024,1032,1045,1069,1079,1091,1114,1114,1124,1124,1139,1139,1154,1154,1155,1155,1159,1173,1176,1186,1188,1188,1190,1207,1213,1220,1222,1224,1225,1229,1238,1245,1245,1248,1248,1249,1255,1263,1264,1264,1273,1273,1274,1274,1274,1274,1278,1278,1279,1279,1281,1281,1281,1283,1290,1290,1290,1290,1290,1292,1297,1299,1301,1301,1301,1301,1301,1301,1301,1306,1306,1306,1306,1306,1314,1314,1315,1315,1316,1321,1324,1326,1331,1331,1331,1331,1336,1336,1352,1352,1362,1362,1362,1362,1362,1393,1394,1394,1402,1430,1432,1435,1441,1460,1460,1460,1474,1484,1489,1490,1490,1490,1505,1506,1521,1526,1527,1550,1551,1551,1570,1572,1572,1572,1574,1574,1575,1607,1607,1608,1608,1638,1638,1638,1638,1638,1639,1651,1651,1672,1673,1673,1697,1697,1711,1721,1723,1723,1737,1737,1738,1739,1739,1739,1739,1748,1754,1764,1765,1788,1788,1788,1806,1807,1808,1831,1832,1832,1832,1832,1854,1856,1856,1857,1874,1874,1874,1906,1911,1922,1923,1924,1939,1941,1951,1954,1955,1981,1981,1982,2012,2013,2013,2034,2038,2038,2070,2070,2074,2075,2076,2077,2101,2104,2150,2151,2156,2163,2179,2199,2202,2246,2266,2316,2319,2330,2330,2330,1200302
"Jordão","AC",0,0,0,0,0,0,0,0,0,0,0,0,0,0,0,0,0,0,0,0,0,0,0,0,0,0,0,0,0,0,0,0,0,0,0,0,0,0,0,0,0,0,0,0,0,0,0,0,0,0,0,0,0,0,0,0,0,0,0,0,0,0,0,0,0,0,0,0,0,0,0,0,0,0,0,0,0,0,0,0,0,0,0,0,0,0,0,0,0,0,0,0,0,0,0,0,0,0,0,1,1,1,4,4,4,4,4,7,9,11,12,13,14,17,23,27,27,27,30,30,30,30,30,35,35,35,35,39,39,39,39,40,40,41,41,41,48,53,55,55,57,59,60,60,60,60,60,61,62,62,66,72,72,72,72,72,72,72,74,74,76,76,81,81,90,90,90,97,97,104,112,115,115,115,115,119,119,128,128,128,128,128,128,142,144,156,156,156,156,158,158,160,160,169,169,169,169,169,180,180,180,180,180,180,181,182,182,190,190,190,193,196,202,202,207,207,207,208,208,208,208,208,208,208,209,209,209,210,210,210,210,210,210,210,210,210,210,210,210,210,210,210,210,210,210,210,210,210,210,210,210,210,210,210,210,215,215,215,215,215,215,218,218,218,218,218,227,227,227,227,227,227,227,227,227,227,227,227,227,227,227,227,235,238,238,238,238,238,238,238,242,242,242,244,244,244,247,252,252,252,253,253,259,261,261,261,261,261,262,262,268,268,268,268,268,268,268,268,268,268,268,268,268,268,268,268,268,268,268,268,268,268,268,268,268,268,268,268,268,268,268,268,268,268,268,268,268,268,268,268,274,274,274,283,288,288,303,303,303,303,303,309,309,309,310,313,315,315,316,316,316,316,317,317,317,317,317,317,317,317,317,317,317,317,317,317,317,317,317,322,322,326,326,332,334,335,338,338,338,1200328
"Mâncio Lima","AC",0,0,0,0,0,0,0,0,0,0,0,0,0,0,0,0,0,0,0,0,0,0,0,0,0,0,0,0,0,0,0,0,0,0,0,0,0,0,0,0,0,0,0,0,0,0,0,0,0,0,0,0,0,0,0,0,0,0,0,0,0,0,0,0,1,2,2,3,3,3,3,3,3,3,3,3,3,3,3,3,3,5,5,5,6,6,7,7,8,10,10,10,14,18,23,24,25,25,26,35,35,59,67,67,67,78,85,87,87,94,94,94,95,99,104,105,113,113,113,118,123,131,132,136,136,136,136,156,164,164,170,170,170,180,181,196,198,221,221,222,228,234,241,241,269,269,272,280,299,304,314,315,315,315,317,351,371,371,371,371,390,467,483,484,491,513,513,514,515,518,541,549,553,553,553,553,553,554,554,575,575,577,634,634,641,665,665,665,665,683,683,743,743,762,762,762,768,768,781,799,820,820,820,828,830,855,897,904,904,904,919,935,948,952,977,977,977,977,977,1029,1029,1047,1048,1049,1049,1049,1049,1061,1061,1061,1061,1111,1111,1112,1115,1124,1124,1124,1129,1131,1145,1155,1164,1164,1164,1164,1166,1173,1174,1199,1199,1199,1201,1201,1201,1201,1201,1201,1202,1202,1203,1235,1235,1235,1235,1235,1235,1235,1251,1263,1280,1280,1281,1281,1281,1282,1306,1306,1306,1314,1314,1314,1315,1315,1315,1315,1315,1315,1316,1323,1323,1323,1323,1323,1323,1323,1323,1325,1326,1326,1329,1330,1331,1331,1332,1332,1332,1333,1333,1333,1333,1333,1333,1333,1333,1333,1333,1333,1333,1333,1333,1333,1333,1333,1333,1333,1340,1340,1341,1343,1343,1343,1346,1360,1361,1375,1376,1415,1452,1470,1497,1497,1522,1522,1578,1644,1644,1682,1682,1682,1745,1745,1745,1747,1747,1747,1747,1747,1747,1748,1748,1748,1748,1748,1749,1749,1749,1749,1766,1766,1766,1766,1769,1769,1769,1769,1769,1769,1769,1769,1769,1769,1769,1769,1769,1769,1769,1770,1770,1770,1770,1771,1771,1772,1774,1777,1779,1779,1779,1200336
"Manoel Urbano","AC",0,0,0,0,0,0,0,0,0,0,0,0,0,0,0,0,0,0,0,0,0,0,0,0,0,0,0,0,0,0,0,0,0,0,0,0,0,0,0,0,0,0,0,0,0,0,0,0,0,0,0,0,0,0,0,0,0,0,0,0,0,0,0,0,0,0,0,0,0,0,0,0,0,0,0,0,0,0,0,0,0,0,0,0,0,0,0,0,0,1,1,1,1,1,1,1,1,1,3,3,3,18,19,20,20,28,31,32,32,34,34,34,35,40,42,43,44,44,44,45,45,49,49,49,49,49,49,51,52,52,52,53,53,53,53,56,60,60,61,61,70,77,78,78,79,79,79,95,101,108,117,125,125,125,138,142,148,148,164,164,194,205,212,221,221,221,221,221,231,238,248,251,251,251,251,253,255,256,256,259,259,259,264,266,266,268,269,269,269,272,272,274,277,278,278,278,278,278,281,281,281,281,281,283,283,284,287,287,287,287,293,293,294,296,302,302,302,302,303,303,303,306,306,306,307,307,307,313,313,313,313,317,317,317,317,318,318,318,321,325,327,327,328,328,328,334,335,337,339,339,339,339,339,339,339,339,345,345,345,347,348,349,349,350,350,350,350,351,356,363,365,365,365,376,376,376,420,420,420,427,428,433,437,438,438,438,438,438,442,443,444,444,444,446,446,448,451,453,457,457,458,458,462,463,464,464,464,464,472,474,480,480,480,480,480,480,482,482,491,496,496,498,498,503,505,505,508,508,508,513,514,515,515,516,516,516,516,518,519,519,521,521,523,523,526,530,530,532,532,532,534,540,544,544,545,545,550,550,550,550,551,557,557,557,569,578,584,586,586,590,594,594,602,605,607,610,610,616,620,624,639,641,666,666,668,676,687,708,734,749,749,752,753,761,795,812,833,833,833,1200344
"Marechal Thaumaturgo","AC",0,0,0,0,0,0,0,0,0,0,0,0,0,0,0,0,0,0,0,0,0,0,0,0,0,0,0,0,0,0,0,0,0,0,0,0,0,0,0,0,0,0,0,0,0,0,0,0,0,0,0,0,0,0,0,0,0,0,0,0,0,0,0,0,0,0,0,0,0,0,0,0,0,0,0,0,0,3,3,8,11,12,12,12,15,15,26,35,41,41,42,42,61,72,77,83,83,83,87,91,91,97,103,104,104,108,111,111,116,119,119,119,121,125,126,128,128,128,128,136,141,147,149,149,149,149,149,162,167,167,178,178,178,182,184,191,200,202,202,202,213,217,222,222,234,234,234,241,243,244,247,249,249,249,254,256,258,258,259,259,260,263,269,269,272,273,273,273,277,280,280,283,283,283,284,287,290,296,296,308,308,309,316,323,326,333,335,335,335,339,339,344,350,354,354,355,355,367,373,383,403,403,403,409,421,433,449,455,455,458,462,485,497,506,528,528,528,537,557,564,564,567,567,568,571,571,571,581,582,583,583,592,592,606,611,617,617,617,618,618,619,619,623,623,623,635,636,649,649,649,649,649,649,651,651,652,654,654,655,658,669,672,672,676,676,676,677,680,680,680,681,681,682,682,682,682,685,685,685,685,687,687,688,688,689,689,689,689,689,689,689,692,692,692,692,692,695,696,698,698,700,700,700,700,700,700,700,700,700,700,701,701,701,701,701,702,702,702,705,705,705,706,706,707,708,708,708,708,708,708,708,710,710,711,712,712,712,712,714,715,715,717,718,718,718,718,718,719,719,719,720,733,738,749,761,761,761,761,761,777,777,778,778,778,787,789,797,801,808,808,808,808,837,838,838,850,850,871,877,877,883,886,910,911,911,944,950,966,972,979,979,993,993,1000,1009,1011,1012,1012,1012,1200351
"Plácido de Castro","AC",0,0,0,0,0,0,0,0,0,0,0,0,0,0,0,0,0,0,0,0,0,0,0,0,0,0,0,0,0,0,0,0,0,0,0,0,0,0,0,0,0,1,1,2,3,4,4,5,7,10,10,13,14,14,19,19,20,21,21,22,22,22,22,22,25,25,34,34,41,41,45,53,54,62,68,68,68,82,83,89,90,92,94,94,108,108,134,135,139,144,144,157,157,161,163,182,183,184,187,188,188,201,205,206,209,211,211,217,222,231,231,231,237,237,238,241,245,254,255,255,268,269,274,276,284,284,290,295,296,302,305,305,305,305,311,322,322,330,330,330,330,330,334,335,338,339,340,344,344,347,348,351,351,352,355,355,355,357,360,360,362,369,374,376,377,378,379,379,382,382,382,383,386,386,386,386,387,389,389,391,391,391,394,395,396,396,397,397,399,399,399,402,402,403,403,403,403,404,407,408,408,408,408,408,411,411,411,414,414,414,414,414,414,414,414,414,414,414,414,414,414,414,414,414,414,414,414,415,415,415,415,417,417,418,418,418,418,418,418,419,419,419,419,421,421,421,421,421,424,424,424,424,424,425,426,426,426,428,428,429,429,429,429,429,431,431,432,434,435,446,446,451,457,457,458,458,461,466,467,472,473,474,476,480,486,486,487,491,491,494,498,498,503,503,503,503,504,504,506,510,510,511,512,512,512,512,512,515,523,527,527,527,535,539,552,552,573,574,598,608,624,652,652,688,699,701,727,727,727,754,756,771,783,783,785,791,806,839,853,873,880,890,891,910,916,921,933,938,939,939,976,979,990,990,997,997,999,1003,1004,1005,1015,1021,1022,1024,1032,1046,1047,1068,1089,1101,1102,1102,1115,1115,1131,1140,1151,1153,1153,1164,1164,1178,1200,1215,1220,1220,1222,1223,1246,1246,1261,1264,1265,1269,1274,1285,1292,1300,1300,1200385
"Porto Acre","AC",0,0,0,0,0,0,0,0,0,0,0,0,0,0,0,0,0,0,0,0,0,0,0,0,0,0,0,0,0,0,0,0,0,1,1,1,1,1,1,1,1,1,1,1,1,1,1,1,1,1,1,1,1,1,1,1,1,1,1,1,1,2,2,2,2,2,2,2,2,2,2,3,3,8,8,8,8,11,11,11,12,13,13,13,18,18,26,27,32,39,49,55,69,69,74,74,88,88,98,101,101,117,121,121,123,139,140,140,142,149,149,158,158,168,172,175,188,201,212,214,219,231,239,253,256,265,268,272,273,274,284,289,289,291,293,301,303,310,310,313,317,317,321,323,325,332,332,333,334,335,335,343,345,345,412,415,415,418,425,426,431,439,442,449,449,451,452,452,452,454,454,459,460,460,460,460,470,472,472,491,491,491,491,492,493,493,493,494,494,494,494,495,495,496,496,497,498,499,499,500,503,504,505,505,505,509,509,509,509,510,510,510,510,512,512,512,512,512,512,512,512,516,517,517,519,519,519,520,520,520,520,520,520,520,520,520,520,520,520,520,520,520,520,521,521,522,522,522,524,524,524,524,524,524,524,524,525,526,526,527,532,532,532,536,537,539,539,539,539,548,548,549,549,550,554,554,567,571,575,575,575,577,580,581,581,582,582,582,583,583,585,585,585,589,591,591,595,595,652,652,652,655,655,659,664,664,669,669,672,672,682,693,700,700,706,708,714,714,723,731,739,742,742,748,749,756,764,764,765,766,766,767,770,770,775,775,775,783,783,786,789,789,790,793,793,793,794,794,794,794,795,796,800,803,805,807,810,810,811,811,813,817,823,825,828,832,832,835,837,840,846,846,859,872,880,890,905,909,909,912,929,942,948,963,963,964,983,994,1006,1018,1022,1031,1033,1060,1068,1086,1095,1118,1118,1200807
"Porto Walter","AC",0,0,0,0,0,0,0,0,0,0,0,0,0,0,0,0,0,0,0,0,0,0,0,0,0,0,0,0,0,0,0,0,0,0,0,0,0,0,0,0,0,0,0,0,0,0,0,0,0,0,0,0,0,0,0,0,0,0,0,0,0,0,0,0,0,0,0,0,0,0,0,0,0,0,0,0,0,0,0,0,0,0,0,0,0,0,0,0,0,0,0,1,2,2,2,2,2,2,2,2,2,2,2,2,2,2,2,2,2,2,3,3,4,6,14,26,47,47,47,49,51,51,51,51,51,51,51,51,51,51,51,51,51,67,67,87,87,104,104,104,104,115,120,120,120,120,120,146,146,154,169,183,183,183,183,199,216,216,226,226,231,232,232,232,232,232,232,232,232,236,239,240,240,240,240,240,240,241,241,244,244,244,244,244,244,248,258,258,258,263,263,269,271,276,276,276,276,276,279,279,295,295,295,298,307,310,312,313,313,313,315,315,315,315,315,315,315,315,315,317,317,317,317,317,317,317,317,317,317,317,317,317,317,317,318,318,318,318,318,319,319,319,319,319,319,320,320,320,320,320,321,321,321,321,321,321,321,321,321,321,321,321,321,321,321,321,321,321,321,321,321,321,321,321,321,321,321,321,321,322,322,322,325,325,326,326,326,326,326,326,326,326,326,326,326,326,326,327,327,327,327,327,327,327,327,327,327,327,327,327,327,327,327,327,327,327,327,327,328,328,328,328,328,328,328,328,328,328,328,328,330,337,343,343,343,343,343,348,365,379,380,380,380,380,380,384,384,384,384,384,386,386,388,388,388,388,388,388,389,389,389,389,389,389,389,389,389,389,391,391,391,391,407,408,408,408,408,408,408,408,408,408,408,408,408,408,416,418,418,422,422,422,422,426,437,438,442,442,442,1200393
"Rio Branco","AC",0,0,0,0,0,0,0,0,0,0,0,0,0,0,0,0,0,0,0,0,0,3,3,4,7,11,11,17,21,23,23,25,25,31,34,34,34,36,36,36,38,39,39,45,48,55,57,60,68,74,76,86,105,112,123,136,154,172,185,191,215,235,256,272,300,344,408,474,567,635,696,808,875,994,1124,1192,1192,1263,1307,1311,1317,1323,1437,1644,1801,1801,2106,2174,2596,2841,3135,3354,3619,3760,3895,4020,4104,4189,4237,4289,4289,4448,4486,4545,4629,4703,4717,4948,5033,5162,5191,5292,5457,5589,5648,5799,5905,5985,6052,6176,6232,6380,6498,6647,6740,6772,6853,7002,7155,7199,7343,7428,7476,7550,7679,7765,7894,7959,8009,8060,8113,8173,8224,8274,8352,8373,8438,8519,8578,8597,8620,8694,8754,8776,8808,8832,8868,8904,9021,9037,9147,9246,9356,9393,9453,9501,9517,9526,9547,9573,9589,9620,9645,9651,9662,9692,9701,9723,9731,9808,9815,9819,9842,9878,9899,9940,9974,9983,9987,10019,10019,10071,10084,10109,10143,10153,10162,10179,10208,10233,10258,10266,10272,10305,10322,10354,10377,10390,10404,10417,10437,10456,10479,10500,10529,10529,10552,10568,10606,10629,10629,10666,10673,10681,10699,10713,10726,10766,10778,10794,10807,10846,10874,10906,10945,10980,11002,11037,11063,11090,11148,11192,11229,11310,11319,11336,11469,11523,11610,11620,11763,11764,11766,11998,12015,12035,12233,12351,12417,12526,12646,12940,13066,13342,13496,13623,13771,13994,14178,14329,14489,14650,14838,14963,15089,15181,15352,15500,15638,15706,15857,15940,16022,16191,16256,16293,16337,16446,16499,16667,16842,16979,17023,17121,17185,17342,17471,17568,17848,17968,18151,18171,18198,18390,18419,18428,18542,18645,18726,18811,19024,19057,19252,19353,19360,19404,19457,19541,19667,19679,19827,19932,20014,20191,20299,20342,20395,20487,20489,20611,20674,20774,20791,20886,21018,21073,21202,21327,21463,21640,21784,21851,22014,22132,22313,22450,22575,22606,22670,22772,22882,22994,23167,23342,23483,23560,23728,23819,23962,24146,24504,24552,24571,24682,25059,25182,25355,25585,25859,26006,26274,26446,26658,26873,27184,27482,27616,27801,27828,28148,28218,28283,28483,28673,28912,29035,29102,29334,29720,29868,29974,30221,30480,30658,30848,31060,31303,31413,31413,1200401
"Rodrigues Alves","AC",0,0,0,0,0,0,0,0,0,0,0,0,0,0,0,0,0,0,0,0,0,0,0,0,0,0,0,0,0,0,0,0,0,0,0,0,0,0,0,0,0,0,0,0,0,0,0,0,0,0,0,0,0,0,0,0,0,0,0,0,0,0,0,0,0,0,0,0,0,0,0,0,0,0,0,0,0,4,5,5,5,5,5,5,5,5,6,9,9,9,9,9,11,11,14,16,18,18,23,29,29,31,38,39,39,40,40,49,49,49,52,54,56,62,69,80,81,84,84,86,87,89,96,97,97,97,97,97,98,99,99,99,99,100,100,102,105,110,110,110,112,114,114,114,114,114,116,122,125,125,125,125,125,125,126,127,128,128,129,129,130,130,133,133,134,138,138,138,139,139,139,139,139,139,139,139,141,142,142,142,142,142,143,143,143,143,144,144,144,146,146,146,148,148,148,148,148,149,149,149,149,149,149,149,149,150,150,151,151,151,151,151,155,155,158,158,159,159,159,159,159,161,161,161,161,161,161,169,169,169,169,169,169,175,184,189,189,190,190,190,190,191,191,191,191,191,191,191,191,193,193,193,195,197,201,202,202,202,202,202,210,214,214,214,214,214,215,215,215,215,216,216,216,216,216,216,223,223,223,225,226,226,226,226,226,226,229,229,229,229,229,229,229,229,231,231,233,234,236,236,237,237,241,241,241,241,241,241,242,242,242,242,242,242,243,243,245,245,247,247,247,248,248,250,255,255,258,258,258,259,259,261,279,279,279,279,280,280,280,286,304,304,308,308,309,309,310,315,315,315,328,333,341,353,369,369,394,394,406,409,409,412,412,412,435,441,454,459,471,471,474,476,479,488,488,491,491,506,506,508,512,524,530,530,530,536,551,553,554,556,556,562,562,566,567,567,579,579,579,1200427
"Santa Rosa do Purus","AC",0,0,0,0,0,0,0,0,0,0,0,0,0,0,0,0,0,0,0,0,0,0,0,0,0,0,0,0,0,0,0,0,0,0,0,0,0,0,0,0,0,0,0,0,0,0,0,0,0,0,0,0,0,0,0,0,0,0,0,0,0,0,0,0,0,0,0,0,0,0,0,0,0,1,1,1,1,1,1,2,2,2,2,2,2,2,2,2,2,2,2,3,8,11,11,12,12,12,15,15,15,45,46,48,48,62,70,78,78,78,79,79,81,87,103,103,127,127,127,134,135,144,146,149,149,149,149,151,154,154,156,156,156,161,164,170,170,170,170,170,170,170,170,170,173,173,173,173,176,177,178,181,181,182,182,182,183,183,185,185,187,188,188,188,188,188,188,188,191,195,196,196,199,199,199,201,202,204,204,255,255,255,255,267,273,274,274,274,274,274,274,290,303,308,308,308,308,323,327,333,335,335,335,340,340,340,340,340,340,340,340,340,340,340,343,343,343,344,344,344,344,366,366,366,367,367,367,367,367,367,367,367,367,367,367,367,367,367,367,367,367,367,367,367,367,367,367,367,367,367,367,367,367,367,367,367,367,367,367,367,367,368,368,368,368,368,368,368,368,368,368,368,368,368,368,368,370,370,370,371,371,372,372,372,372,372,372,372,372,373,373,376,376,376,376,376,377,377,377,377,387,387,387,387,387,387,387,387,387,387,387,387,387,387,387,387,388,388,388,388,388,388,388,393,394,394,396,396,396,398,403,408,412,414,414,415,415,420,420,426,433,433,433,433,434,438,438,440,440,440,440,440,441,441,441,441,441,441,441,441,441,441,441,441,442,442,442,442,461,461,468,468,476,478,480,487,487,487,487,487,487,487,488,488,488,488,493,494,495,495,495,495,496,507,521,540,566,566,566,1200435
"Sena Madureira","AC",0,0,0,0,0,0,0,0,0,0,0,0,0,0,0,0,0,0,0,0,0,0,0,0,0,0,0,0,0,0,0,0,0,0,0,0,0,0,0,0,0,0,0,0,0,0,0,0,0,0,0,0,0,0,0,0,0,0,0,0,0,0,0,0,0,0,0,0,0,2,2,2,2,2,5,5,11,17,17,19,21,24,27,34,41,41,81,99,117,131,143,144,177,195,209,216,220,220,239,241,241,248,251,251,261,266,274,285,310,324,339,341,342,385,405,424,451,451,451,482,499,527,547,577,580,580,581,618,630,640,651,657,657,662,701,739,749,760,764,765,794,804,815,823,832,845,845,875,894,909,924,948,948,948,969,994,1010,1010,1047,1049,1058,1083,1092,1117,1120,1126,1127,1130,1160,1182,1212,1233,1245,1245,1250,1267,1280,1300,1302,1323,1325,1330,1348,1366,1375,1383,1401,1401,1403,1419,1419,1435,1444,1453,1453,1455,1455,1464,1472,1477,1479,1479,1479,1496,1501,1511,1518,1524,1524,1524,1537,1542,1550,1560,1563,1563,1563,1576,1584,1596,1596,1606,1606,1606,1615,1615,1615,1629,1629,1629,1629,1656,1656,1663,1684,1696,1696,1696,1730,1734,1740,1746,1749,1749,1750,1752,1757,1762,1764,1764,1764,1764,1764,1771,1771,1774,1783,1783,1786,1786,1795,1806,1807,1822,1822,1822,1833,1843,1862,1874,1880,1880,1880,1922,1922,1922,1971,1974,1974,2003,2037,2059,2069,2102,2120,2120,2151,2152,2174,2190,2227,2251,2251,2297,2304,2338,2379,2411,2437,2439,2459,2470,2494,2512,2528,2530,2541,2543,2590,2594,2601,2624,2626,2626,2632,2632,2673,2673,2718,2722,2729,2766,2766,2793,2818,2821,2843,2843,2843,2891,2905,2919,2937,2966,2970,2973,2975,3010,3041,3072,3080,3089,3118,3131,3159,3175,3176,3186,3192,3192,3229,3248,3297,3320,3368,3368,3383,3385,3394,3399,3403,3440,3440,3451,3495,3529,3552,3568,3616,3617,3629,3631,3668,3686,3736,3788,3808,3829,3829,3851,3872,3930,3979,3991,3992,4097,4141,4168,4220,4279,4309,4346,4362,4368,4437,4488,4567,4567,4567,1200500
"Senador Guiomard","AC",0,0,0,0,0,0,0,0,0,0,0,0,0,0,0,0,0,0,0,0,0,0,0,0,0,0,0,0,0,0,0,0,0,0,0,0,0,0,0,0,0,0,0,0,0,0,0,0,0,0,0,0,0,0,2,2,2,2,2,2,2,2,2,2,3,3,4,4,6,10,11,12,12,15,15,28,29,41,41,42,42,42,42,46,56,56,77,86,86,86,99,99,104,104,123,125,127,127,130,130,130,149,150,151,152,160,161,161,186,193,193,194,195,207,207,220,220,220,227,228,236,240,248,249,250,250,250,256,258,258,259,266,267,273,274,277,277,280,281,281,282,288,291,291,308,312,312,312,314,322,331,331,331,332,343,343,347,350,351,352,360,365,367,371,371,374,378,378,382,390,394,398,400,400,400,401,404,414,414,418,421,421,428,442,457,464,464,464,464,478,478,480,482,485,485,486,487,500,502,505,508,508,508,513,513,518,518,522,522,522,523,525,525,525,525,525,525,525,526,526,526,526,526,526,526,526,526,526,526,526,526,528,528,529,530,530,530,532,533,533,534,534,534,534,534,535,536,536,541,541,542,542,542,542,542,546,546,551,551,551,552,555,557,557,560,561,561,561,562,564,564,572,579,579,580,582,586,586,589,590,593,594,594,594,596,599,600,600,601,602,602,607,607,608,608,608,608,608,625,625,627,628,628,628,628,628,628,628,630,633,633,633,633,633,634,635,635,635,636,638,644,644,644,656,662,663,668,668,668,671,673,678,688,693,693,701,704,705,705,710,713,713,714,715,720,720,720,721,721,722,723,725,730,730,740,741,742,742,743,744,755,771,771,771,785,791,809,818,834,836,839,839,841,851,854,870,871,875,876,878,885,885,895,895,898,907,908,914,922,938,938,940,942,942,947,951,961,961,961,1200450
"Tarauacá","AC",0,0,0,0,0,0,0,0,0,0,0,0,0,0,0,0,0,0,0,0,0,0,0,0,0,0,0,0,0,0,0,0,0,0,0,0,0,0,0,0,0,0,0,0,0,0,0,0,0,0,0,0,0,0,0,0,0,0,0,0,0,0,0,0,0,0,0,1,2,2,8,8,8,9,16,16,16,21,22,22,25,34,34,34,57,57,92,105,136,136,136,142,189,213,224,228,230,230,258,302,302,346,369,371,372,398,421,427,430,432,432,432,434,451,499,552,563,567,568,583,587,590,644,647,650,652,654,684,724,724,789,794,794,833,833,836,846,863,865,867,898,900,907,910,923,924,928,966,987,1021,1059,1085,1091,1092,1126,1158,1173,1174,1178,1179,1192,1214,1241,1244,1265,1265,1265,1265,1266,1279,1307,1312,1316,1316,1316,1401,1449,1451,1451,1455,1455,1455,1456,1467,1478,1479,1495,1495,1495,1532,1532,1581,1606,1608,1608,1608,1608,1659,1706,1729,1729,1730,1730,1738,1803,1915,2000,2025,2025,2025,2056,2083,2135,2201,2222,2222,2222,2289,2361,2424,2424,2526,2526,2526,2557,2557,2557,2590,2590,2590,2590,2604,2604,2616,2616,2616,2616,2616,2616,2616,2616,2616,2625,2625,2625,2635,2643,2644,2653,2653,2653,2653,2653,2654,2655,2655,2661,2661,2662,2662,2662,2662,2662,2662,2662,2662,2663,2663,2664,2674,2674,2674,2684,2698,2698,2698,2722,2722,2722,2743,2768,2799,2799,2814,2819,2819,2832,2832,2832,2832,2842,2851,2851,2861,2861,2861,2862,2862,2864,2864,2864,2864,2866,2866,2867,2867,2867,2867,2870,2871,2871,2871,2871,2871,2871,2871,2874,2874,2877,2877,2877,2877,2877,2881,2903,2903,3051,3052,3052,3148,3216,3296,3385,3430,3431,3431,3443,3485,3487,3581,3677,3677,3755,3763,3875,3907,3908,3955,3955,3957,4071,4154,4244,4245,4245,4245,4245,4245,4245,4245,4245,4245,4245,4245,4248,4249,4251,4252,4255,4255,4258,4258,4258,4282,4301,4323,4323,4325,4331,4331,4340,4347,4358,4368,4369,4370,4396,4423,4451,4464,4468,4478,4478,4497,4531,4576,4839,4846,4846,1200609
"Xapuri","AC",0,0,0,0,0,0,0,0,0,0,0,0,0,0,0,0,0,0,0,0,0,0,0,0,0,0,0,0,0,0,0,0,0,0,0,0,0,0,0,0,0,0,0,0,0,0,0,0,0,0,0,0,0,0,0,0,0,0,0,0,0,0,0,0,3,8,9,9,9,9,9,9,9,10,11,11,11,12,13,13,13,13,13,14,14,14,19,20,25,26,26,27,31,34,39,42,42,42,43,52,52,76,84,84,84,102,107,123,132,144,145,146,146,171,182,187,192,192,194,201,217,217,220,220,221,230,230,236,250,250,263,268,268,284,284,285,302,310,310,310,317,323,328,328,336,336,336,345,350,357,374,379,379,379,393,407,417,417,429,429,456,468,492,529,539,540,554,554,574,590,612,642,651,651,658,685,707,733,733,792,794,794,831,857,879,901,917,917,920,946,946,979,992,1006,1006,1007,1008,1024,1050,1065,1079,1079,1082,1090,1100,1106,1118,1127,1127,1130,1136,1145,1154,1164,1169,1169,1170,1192,1206,1218,1218,1240,1241,1241,1265,1265,1265,1299,1299,1299,1299,1339,1339,1352,1397,1401,1401,1401,1414,1419,1426,1441,1450,1450,1450,1456,1460,1461,1465,1465,1465,1465,1465,1469,1474,1489,1495,1495,1500,1501,1507,1531,1542,1555,1555,1555,1558,1558,1561,1572,1575,1575,1579,1584,1584,1584,1616,1616,1618,1627,1637,1647,1659,1669,1673,1673,1679,1679,1682,1693,1702,1711,1711,1718,1719,1731,1742,1752,1762,1762,1762,1762,1767,1767,1783,1783,1783,1783,1798,1801,1803,1803,1803,1803,1804,1805,1846,1855,1881,1890,1893,1915,1915,1943,1967,1967,2033,2033,2033,2081,2100,2119,2131,2172,2174,2176,2193,2210,2218,2232,2244,2248,2257,2257,2279,2281,2288,2306,2320,2321,2331,2351,2362,2390,2390,2390,2390,2399,2406,2412,2413,2420,2423,2432,2437,2442,2444,2464,2475,2477,2487,2487,2500,2514,2536,2539,2539,2539,2539,2539,2545,2552,2565,2569,2571,2576,2591,2612,2612,2621,2621,2621,2621,2621,2622,2628,2641,2641,2641,1200708
"Água Branca","AL",0,0,0,0,0,0,0,0,0,0,0,0,0,0,0,0,0,0,0,0,0,0,0,0,0,0,0,0,0,0,0,0,0,0,0,0,0,0,0,0,0,0,0,0,0,0,0,0,0,0,0,0,0,0,0,0,0,0,0,0,0,0,0,0,0,0,0,0,0,0,0,0,0,0,0,0,0,0,0,0,0,0,0,0,0,0,0,0,0,0,0,0,0,0,0,0,0,0,0,1,1,1,4,4,5,5,6,9,9,9,9,9,10,17,17,18,20,20,20,22,23,23,24,24,27,27,27,27,27,27,29,29,30,33,34,34,34,34,38,38,42,43,43,43,44,44,44,45,53,53,54,56,56,57,60,61,61,66,66,66,66,66,66,66,67,68,68,68,68,68,68,68,69,69,69,69,69,69,69,70,70,72,73,75,75,76,82,82,83,85,85,88,88,89,89,89,89,90,90,92,92,92,92,92,92,92,92,92,92,92,94,94,94,94,95,95,95,95,96,96,96,96,96,96,96,96,96,96,96,96,96,96,96,96,96,96,97,97,99,99,99,99,100,101,101,101,101,102,102,102,102,102,102,103,103,103,103,103,103,103,103,103,103,103,103,103,103,103,104,104,104,104,104,104,104,104,104,104,104,104,107,107,107,107,107,107,107,107,108,109,109,109,109,110,110,110,111,113,115,115,115,117,117,124,128,129,131,131,138,139,145,146,150,155,157,163,168,173,177,179,180,183,186,188,191,199,199,204,205,206,209,209,209,212,213,213,214,217,219,221,221,222,222,222,223,225,225,228,228,229,230,230,230,230,231,233,233,233,233,237,237,241,242,242,243,243,244,244,244,244,245,245,246,247,249,249,249,249,249,251,251,251,251,251,251,251,253,255,257,260,261,261,263,263,263,265,265,266,266,2700102
"Anadia","AL",0,0,0,0,0,0,0,0,0,0,0,0,0,0,0,0,0,0,0,0,0,0,0,0,0,0,0,0,0,0,0,0,0,0,0,0,0,0,0,0,0,0,0,0,0,0,0,0,0,0,0,0,0,0,0,0,0,0,1,1,1,1,1,1,1,1,1,1,1,1,1,1,1,2,2,2,2,2,2,2,2,3,5,5,10,13,16,16,16,20,21,22,27,29,29,31,36,37,39,48,49,52,57,65,68,77,79,79,79,90,98,98,114,124,124,133,147,151,156,164,172,174,174,175,176,177,202,216,218,230,231,231,242,243,266,267,275,286,287,293,301,301,307,307,307,327,328,329,329,330,331,331,331,334,335,361,362,383,385,387,387,389,394,397,400,406,421,422,423,424,425,426,426,426,426,426,427,429,430,430,431,431,433,434,437,438,439,440,441,442,442,443,444,450,450,451,458,458,458,460,461,461,461,462,462,464,465,465,465,465,465,465,465,465,465,466,467,467,467,468,470,471,471,471,471,474,478,478,480,481,481,481,482,484,484,485,485,485,486,488,492,495,495,496,497,497,498,501,501,502,502,502,503,503,503,503,504,504,504,504,504,505,505,506,507,507,508,509,509,509,509,509,509,510,511,511,511,512,512,512,513,513,513,513,514,515,515,515,515,515,518,518,518,518,519,519,520,522,523,523,523,523,524,525,525,527,529,530,531,532,532,532,533,535,538,539,542,543,543,544,545,553,556,556,556,560,560,576,580,581,595,595,596,597,607,607,612,617,617,619,625,628,635,640,642,648,648,657,657,657,665,670,672,677,691,699,701,702,707,711,713,719,726,726,734,734,744,754,760,765,781,783,783,786,786,786,786,797,807,813,821,826,826,835,839,839,853,868,868,879,883,893,897,897,897,916,922,923,923,2700201
"Arapiraca","AL",0,0,0,0,0,0,0,0,0,0,0,0,0,0,0,0,0,0,0,0,0,0,0,0,0,0,0,0,0,0,0,0,0,0,0,0,0,0,0,0,0,0,0,0,0,0,0,0,0,0,0,0,0,1,1,1,1,3,3,4,4,4,11,11,13,18,21,23,24,26,26,37,39,40,40,40,40,40,50,52,52,68,130,132,140,141,141,145,150,239,272,279,279,322,323,324,376,418,491,494,500,516,610,682,847,957,965,992,1007,1043,1371,1440,1500,1686,1771,1818,1896,1965,2106,2176,2279,2320,2323,2437,2545,2747,3004,3140,3193,3199,3210,3336,3492,3594,3650,3814,3970,4002,4010,4081,4109,4158,4169,4223,4240,4277,4279,4319,4348,4350,4494,4549,4621,4622,4668,4871,5050,5199,5556,6231,6312,6386,6620,7139,7480,7896,8510,8920,9038,9313,9486,9575,9657,9882,9895,9946,9981,10000,10007,10055,10145,10182,10215,10268,10374,10418,10472,10488,10514,10602,10630,10650,10673,10718,10846,10865,10881,10922,10943,10968,11025,11033,11050,11087,11110,11122,11176,11203,11237,11291,11307,11464,11476,11518,11548,11567,11587,11596,11627,11642,11656,11673,11695,11708,11729,11745,11760,11769,11796,11806,11816,11821,11836,11855,11868,11881,11892,11904,11925,11937,11946,11970,12015,12036,12048,12069,12092,12110,12115,12132,12143,12158,12174,12201,12248,12263,12291,12302,12328,12347,12356,12381,12399,12449,12498,12525,12555,12589,12613,12619,12654,12672,12690,12709,12755,12770,12825,12857,12898,12935,12963,12984,13028,13064,13110,13129,13132,13175,13204,13242,13273,13274,13309,13351,13415,13415,13483,13518,13564,13592,13616,13652,13667,13756,13778,13799,13832,13850,13865,13904,13931,13971,14028,14081,14125,14177,14212,14258,14298,14356,14393,14430,14469,14507,14559,14608,14608,14717,14762,14802,14828,14892,14927,14969,14990,15015,15048,15100,15137,15162,15180,15196,15237,15266,15307,15324,15382,15421,15435,15456,15486,15547,15595,15631,15673,15803,15825,15864,15898,15932,15990,16019,16042,16087,16124,16180,16225,16295,16300,16452,16594,16725,16830,16912,16973,17053,17099,17200,17263,17355,17398,17527,17653,17717,17790,17790,18009,18205,18332,18482,18578,18676,18748,18748,18748,18885,18934,19005,19005,2700300
"Atalaia","AL",0,0,0,0,0,0,0,0,0,0,0,0,0,0,0,0,0,0,0,0,0,0,0,0,0,0,0,0,0,0,0,0,0,0,0,0,0,0,0,0,0,0,0,0,0,0,0,0,0,0,0,0,0,0,0,0,0,0,0,0,0,1,1,1,1,1,1,1,1,1,1,1,2,7,8,10,11,12,12,19,19,25,29,31,36,36,36,42,43,79,89,90,90,91,149,149,167,173,175,209,209,226,251,257,258,282,284,302,326,332,344,345,351,351,362,380,387,387,389,390,390,397,407,413,419,419,422,423,423,423,423,425,427,435,439,445,449,450,450,450,451,451,452,454,454,457,458,460,460,468,468,468,468,484,485,486,487,495,496,510,511,512,516,516,518,522,522,522,524,526,532,533,536,539,540,546,546,547,550,552,552,552,553,553,554,557,561,561,561,563,563,563,564,565,566,566,566,570,570,571,574,575,575,576,576,576,579,581,583,583,583,585,586,586,586,587,587,587,590,590,594,594,594,598,599,599,599,599,601,601,601,601,603,603,604,604,604,604,604,605,605,608,609,609,609,609,609,610,613,613,613,614,615,616,618,623,628,628,628,630,630,630,630,630,630,630,630,630,630,630,631,631,631,632,638,640,640,640,640,640,640,641,641,643,645,647,648,648,649,649,650,650,650,650,653,653,653,653,653,653,653,653,654,654,654,655,655,655,655,655,655,655,656,656,657,657,659,659,659,659,659,659,659,661,661,663,663,667,667,667,667,667,667,668,668,668,670,672,675,675,677,679,683,683,684,684,684,684,684,685,685,687,687,689,690,716,716,716,718,719,719,721,721,727,729,729,729,732,732,732,734,743,743,758,759,760,761,761,761,761,761,761,763,763,764,764,789,821,822,822,823,823,827,827,827,859,859,859,859,2700409
"Barra de Santo Antônio","AL",0,0,0,0,0,0,0,0,0,0,0,0,0,0,0,0,0,0,0,0,0,0,0,0,0,0,0,0,0,0,0,0,0,0,0,0,0,0,0,0,0,0,0,0,0,0,0,0,0,0,0,0,0,0,0,0,0,0,1,1,1,1,1,1,1,1,1,1,1,1,1,1,1,1,1,1,1,1,1,2,2,2,3,3,3,5,6,7,12,14,14,14,15,15,16,18,18,21,22,24,24,40,41,41,42,45,47,48,48,51,54,56,58,62,64,65,67,68,68,76,80,80,81,83,91,93,93,94,94,94,97,97,98,98,98,100,100,100,100,100,100,102,102,102,102,103,103,103,103,106,108,109,110,110,110,110,110,113,113,114,114,115,117,117,118,118,118,118,118,119,120,122,122,122,122,122,125,125,125,125,125,125,125,126,126,128,128,128,128,128,128,128,128,128,128,128,128,128,128,128,129,129,129,129,130,130,130,130,130,130,130,130,130,130,130,130,130,130,130,130,130,130,131,131,131,131,132,132,133,133,133,133,133,133,133,133,133,133,133,133,133,135,135,135,135,135,135,135,135,135,135,135,135,135,136,136,136,136,136,136,136,136,136,136,136,136,136,136,136,136,136,136,136,136,136,136,136,136,137,137,137,137,138,138,138,138,138,138,138,139,139,139,141,141,143,143,143,143,144,144,144,144,144,144,144,144,144,144,144,145,145,145,145,145,145,145,145,145,145,146,146,146,146,146,146,146,146,146,146,146,146,146,146,146,147,148,148,148,148,148,148,148,148,149,149,149,150,150,150,151,151,151,151,151,152,154,154,155,155,155,155,155,156,156,157,158,159,159,159,159,160,162,162,163,164,164,165,166,166,166,166,166,166,166,166,166,168,168,170,170,173,174,177,177,177,180,180,180,180,2700508
"Barra de São Miguel","AL",0,0,0,0,0,0,0,0,0,0,0,0,0,0,0,0,0,0,0,0,0,0,0,0,0,0,0,0,0,0,0,0,0,0,0,0,0,0,0,0,0,0,0,0,0,0,0,0,0,0,0,0,0,0,0,0,0,0,0,0,0,0,0,0,3,4,4,4,5,6,6,6,6,6,6,6,7,7,7,7,7,7,9,9,9,9,9,9,9,19,19,19,19,19,19,20,22,22,22,31,40,41,43,43,43,45,45,45,50,51,56,56,58,59,71,71,72,72,74,74,78,89,89,89,89,89,89,89,89,89,93,94,96,98,98,101,102,105,105,105,107,109,110,111,111,111,111,111,114,114,118,118,118,118,118,120,120,121,122,122,122,123,123,123,123,123,123,123,125,127,128,128,128,128,129,131,131,134,134,136,137,138,138,138,138,138,138,138,138,138,138,138,139,139,139,139,139,139,139,139,143,143,143,143,143,143,143,144,144,144,144,144,144,144,144,144,144,146,147,147,147,147,147,147,147,147,147,147,148,148,148,148,149,149,149,149,149,149,149,149,149,150,150,150,151,151,151,151,151,151,151,151,151,152,154,155,155,155,157,157,157,157,157,158,158,158,158,158,163,163,163,163,163,163,163,165,165,165,166,166,166,167,169,170,170,170,170,172,172,172,172,174,175,176,177,177,178,179,179,179,180,181,186,186,186,191,191,191,191,192,193,193,193,193,193,193,193,194,194,194,195,197,198,201,201,202,202,203,203,204,204,204,207,209,211,211,211,213,213,213,213,214,214,214,214,215,215,215,215,217,217,218,218,218,218,222,222,222,222,222,222,222,224,226,226,226,226,226,229,229,229,230,230,236,236,236,239,241,243,243,245,245,245,246,246,246,247,248,248,250,250,250,252,252,252,258,258,262,262,2700607
"Batalha","AL",0,0,0,0,0,0,0,0,0,0,0,0,0,0,0,0,0,0,0,0,0,0,0,0,0,0,0,0,0,0,0,0,0,0,0,0,0,0,0,0,0,0,0,0,0,0,0,0,0,0,0,0,0,0,0,0,0,0,0,0,0,0,0,0,1,2,2,2,2,3,3,3,3,3,3,3,3,3,3,5,6,6,6,6,6,6,6,6,7,7,7,8,8,9,9,22,22,22,27,30,38,43,56,59,60,66,69,85,85,88,89,91,107,111,123,126,133,133,134,142,149,151,164,169,173,173,174,180,181,189,193,195,195,202,206,211,220,221,223,223,233,242,243,243,243,244,244,253,254,254,287,287,288,296,308,315,316,324,330,331,331,339,349,360,374,374,374,374,375,401,405,405,427,427,427,436,456,465,465,473,473,473,481,493,493,493,511,511,511,515,515,518,535,535,535,536,536,536,545,545,545,545,545,552,553,553,553,562,564,565,570,570,570,580,585,585,585,590,590,592,592,592,592,592,592,592,592,592,592,592,592,592,592,592,593,593,593,593,593,593,593,593,597,597,597,597,597,597,597,597,597,597,597,597,597,597,607,607,607,607,607,607,607,607,607,607,607,607,607,607,608,608,609,617,617,619,619,620,620,620,621,621,622,622,623,624,624,624,624,625,625,625,625,625,627,627,627,627,627,627,627,629,629,629,629,630,630,630,644,651,653,653,653,653,653,653,653,659,660,660,660,660,660,661,663,663,663,667,667,667,670,678,678,678,679,679,679,681,681,681,681,681,681,683,684,685,685,685,685,686,689,692,692,692,692,692,692,692,692,692,695,699,699,700,706,721,721,725,726,727,728,728,735,739,743,743,743,743,753,754,760,766,766,766,766,766,771,771,775,777,777,777,778,778,778,785,793,793,793,2700706
"Belém","AL",0,0,0,0,0,0,0,0,0,0,0,0,0,0,0,0,0,0,0,0,0,0,0,0,0,0,0,0,0,0,0,0,0,0,0,0,0,0,0,0,0,0,0,0,0,0,0,0,0,0,0,0,0,0,0,0,0,0,0,0,0,0,0,0,0,0,0,0,0,0,0,0,0,0,0,0,0,0,0,0,0,0,0,0,0,0,0,1,1,2,2,2,2,2,3,3,3,3,3,3,3,3,3,3,3,3,3,3,3,3,3,3,3,6,6,6,7,8,9,16,20,20,23,23,23,23,23,24,28,28,30,30,30,30,34,34,34,34,34,36,39,39,39,39,39,39,39,39,39,40,43,47,47,47,47,47,47,49,50,50,50,50,50,50,50,50,50,50,50,50,50,50,50,50,50,50,50,50,50,50,50,51,51,51,51,51,51,51,51,51,51,52,52,52,52,52,52,52,52,52,52,52,52,52,52,52,52,54,54,54,54,55,55,55,55,55,55,55,55,55,55,56,56,56,57,58,59,59,59,59,59,59,59,59,59,59,59,59,59,59,59,59,59,59,59,59,59,59,59,59,59,59,59,59,59,59,59,59,59,59,59,59,59,59,59,59,59,59,59,59,59,59,59,59,59,60,60,60,61,61,61,61,61,61,61,62,62,62,62,62,62,63,64,64,64,64,66,68,68,68,68,68,68,68,69,69,70,70,70,70,71,71,71,71,71,72,72,72,72,72,72,72,72,73,73,73,73,73,73,73,73,73,73,73,73,73,73,73,73,73,73,73,75,75,75,75,75,75,75,75,75,75,75,75,75,75,75,75,75,75,75,75,75,75,77,77,77,77,77,77,77,77,77,77,77,77,77,77,77,77,77,77,80,80,81,81,81,81,81,81,81,81,81,81,81,83,83,85,85,2700805
"Belo Monte","AL",0,0,0,0,0,0,0,0,0,0,0,0,0,0,0,0,0,0,0,0,0,0,0,0,0,0,0,0,0,0,0,0,0,0,0,0,0,0,0,0,0,0,0,0,0,0,0,0,0,0,0,0,0,0,0,0,0,0,0,0,0,0,0,0,0,0,0,0,0,0,0,0,0,0,0,0,0,0,0,0,0,0,0,0,0,0,0,0,0,0,0,0,0,1,2,2,2,2,2,2,2,2,3,3,3,4,4,6,6,6,6,6,6,6,9,9,9,9,11,12,12,12,12,12,13,13,13,13,13,13,14,14,14,14,14,15,16,17,18,18,18,18,18,18,18,20,20,20,20,20,25,27,30,34,36,41,41,41,41,41,42,51,53,53,53,55,55,55,57,60,60,60,60,61,61,68,69,71,71,71,71,72,74,75,75,77,85,86,89,93,94,94,103,107,108,108,108,108,122,125,126,126,126,132,142,144,146,146,146,153,155,156,156,157,157,158,158,163,164,165,166,166,167,167,167,167,167,167,167,167,167,167,167,167,167,167,170,170,170,170,172,172,172,172,172,172,173,173,173,173,173,173,174,174,174,174,174,174,174,174,174,174,174,174,174,174,174,175,175,175,175,175,177,177,181,181,181,181,181,181,181,182,182,182,182,182,182,182,182,183,183,183,183,183,183,183,183,184,186,186,186,186,186,186,186,186,186,186,186,186,186,186,186,186,186,186,186,187,187,187,189,189,189,189,189,189,189,189,189,191,191,195,195,195,200,201,201,201,205,206,206,207,207,207,207,207,207,207,207,207,207,207,207,207,207,208,208,208,208,208,208,208,208,210,210,211,211,212,212,212,212,212,212,213,214,215,216,216,216,216,216,216,216,216,216,216,216,220,220,223,223,223,224,224,224,227,227,227,227,2700904
"Boca da Mata","AL",0,0,0,0,0,0,0,0,0,0,0,0,0,0,0,0,0,0,0,0,0,0,0,0,0,0,0,0,0,0,0,0,0,0,0,0,0,0,0,0,0,0,0,0,0,0,0,0,0,0,1,1,1,1,1,1,1,1,1,1,1,1,1,1,1,1,1,1,1,2,5,5,5,6,6,6,6,6,7,7,10,10,10,10,14,15,17,18,19,19,19,21,26,26,26,45,45,46,47,67,82,91,101,119,120,139,150,152,155,215,219,225,225,271,275,309,339,340,340,359,388,405,421,445,450,452,470,489,492,521,525,538,543,577,582,618,624,641,641,666,684,712,735,748,748,779,779,802,820,858,881,903,905,910,940,971,986,1000,1027,1029,1034,1045,1067,1074,1091,1095,1095,1096,1119,1121,1125,1126,1156,1156,1156,1157,1166,1166,1172,1190,1190,1192,1196,1196,1201,1207,1207,1207,1218,1219,1220,1220,1227,1227,1228,1228,1228,1228,1228,1229,1230,1230,1230,1231,1231,1231,1231,1240,1240,1240,1246,1246,1246,1246,1246,1246,1246,1246,1246,1246,1246,1246,1246,1246,1246,1246,1246,1246,1246,1246,1246,1247,1247,1247,1249,1250,1250,1250,1250,1250,1250,1251,1251,1251,1251,1251,1252,1252,1252,1252,1252,1252,1252,1252,1252,1252,1252,1252,1252,1252,1253,1253,1253,1253,1253,1253,1253,1253,1255,1256,1256,1256,1256,1256,1257,1257,1258,1259,1259,1259,1259,1259,1259,1259,1259,1259,1259,1259,1259,1261,1261,1262,1263,1263,1264,1264,1265,1265,1265,1265,1265,1265,1266,1266,1266,1267,1267,1267,1267,1267,1273,1273,1274,1275,1275,1276,1281,1282,1283,1285,1285,1285,1287,1290,1292,1293,1293,1299,1299,1302,1306,1306,1306,1306,1306,1306,1306,1307,1307,1307,1307,1307,1308,1308,1310,1311,1315,1317,1317,1317,1317,1317,1320,1320,1325,1326,1333,1333,1333,1333,1334,1353,1355,1355,1356,1370,1373,1375,1375,1389,1391,1393,1393,1401,1405,1407,1414,1414,1424,1424,1428,1428,1430,1432,1432,1432,1441,1443,1444,1444,1444,1449,1449,1449,1449,1455,1456,1456,1456,2701001
"Branquinha","AL",0,0,0,0,0,0,0,0,0,0,0,0,0,0,0,0,0,0,0,0,0,0,0,0,0,0,0,0,0,0,0,0,0,0,0,0,0,0,0,0,0,0,0,0,0,0,0,0,0,0,0,0,0,0,0,0,0,0,0,0,0,0,0,0,1,1,1,1,1,1,1,1,1,1,1,1,3,3,3,3,3,3,3,5,6,6,6,6,6,6,6,6,6,9,9,9,10,10,10,11,11,12,12,12,12,12,12,14,16,27,30,37,37,38,38,46,46,54,57,61,61,61,69,69,69,69,70,74,74,76,78,78,79,79,81,85,88,88,88,97,98,99,100,101,101,101,101,101,101,102,102,102,102,103,130,134,134,144,201,216,221,225,228,228,228,228,228,228,228,228,230,230,230,232,232,242,242,242,242,242,242,258,258,258,259,259,259,259,259,259,259,259,259,259,259,259,259,259,259,259,259,259,259,260,260,260,260,261,261,261,261,271,271,271,271,271,271,271,271,271,271,271,271,271,271,271,271,271,271,271,271,271,271,271,271,271,271,271,271,272,272,272,272,272,272,272,272,272,272,272,272,272,272,272,272,272,272,272,272,272,272,272,272,272,272,272,272,272,272,272,272,272,272,272,272,272,273,273,273,273,273,273,273,273,273,273,273,273,273,273,273,273,273,273,273,273,273,273,273,275,275,275,275,276,276,276,276,276,276,276,276,276,276,276,276,276,277,277,277,277,277,277,277,277,277,277,277,277,277,277,277,278,278,278,278,278,278,278,279,279,279,280,280,281,281,284,284,284,284,284,284,287,289,291,293,298,299,299,299,299,300,300,309,314,314,314,317,317,318,318,318,318,318,319,322,322,328,332,334,336,336,338,338,341,341,341,342,345,349,350,352,353,353,353,353,360,360,371,371,2701100
"Cacimbinhas","AL",0,0,0,0,0,0,0,0,0,0,0,0,0,0,0,0,0,0,0,0,0,0,0,0,0,0,0,0,0,0,0,0,0,0,0,0,0,0,0,0,0,0,0,0,0,0,0,0,0,0,0,0,0,0,0,0,0,0,0,0,0,0,0,0,0,0,0,0,0,0,0,0,0,0,1,1,1,1,1,2,2,4,4,4,4,4,7,7,7,7,7,7,7,7,7,9,9,9,15,16,18,19,21,22,23,25,25,25,25,27,27,27,29,30,30,31,33,33,33,33,35,35,35,37,38,38,38,39,39,44,46,48,49,49,56,56,56,59,63,63,74,76,76,76,76,77,77,77,94,95,95,116,116,116,116,118,121,121,121,121,121,121,122,130,130,130,131,131,174,174,195,195,215,215,215,219,220,224,224,225,225,225,226,230,230,230,230,230,232,233,233,240,240,247,247,247,247,247,254,254,254,254,254,255,255,255,255,256,256,256,258,258,260,260,260,261,261,261,261,261,261,261,261,261,261,263,263,263,263,264,264,264,264,264,265,266,267,267,269,269,269,270,270,270,272,272,272,272,272,273,273,273,274,275,276,276,276,276,276,277,282,282,283,283,283,283,283,285,299,299,299,299,300,300,301,301,302,302,302,302,302,302,302,302,306,307,307,307,307,307,311,311,315,316,317,317,318,319,326,326,326,327,328,328,328,331,331,331,331,331,332,332,332,335,335,338,339,342,342,342,342,342,349,349,349,354,354,356,358,360,363,363,363,363,363,365,366,367,367,368,368,368,369,370,370,370,370,373,373,375,375,376,376,376,378,387,387,387,387,387,387,388,388,391,393,393,394,397,397,397,397,397,397,405,405,405,405,405,405,405,406,408,409,409,413,413,416,417,419,420,421,421,421,421,421,427,428,428,428,2701209
"Cajueiro","AL",0,0,0,0,0,0,0,0,0,0,0,0,0,0,0,0,0,0,0,0,0,0,0,0,0,0,0,0,0,0,0,0,0,0,0,0,0,0,0,0,0,0,0,0,0,0,0,0,0,0,0,0,0,0,0,0,0,0,0,0,0,0,0,0,0,0,0,0,0,0,0,0,0,0,0,1,1,2,2,2,2,2,3,3,3,3,4,5,5,6,7,7,13,17,17,17,17,32,33,33,34,34,41,41,47,48,48,48,48,50,58,58,62,74,75,97,102,105,105,105,106,110,114,115,116,123,129,135,135,135,135,137,143,145,145,147,149,150,150,150,150,151,156,156,156,156,156,160,160,163,163,166,166,167,171,171,171,173,174,174,176,180,187,188,193,194,195,203,209,215,222,223,223,227,228,229,229,235,237,243,246,251,257,261,263,268,269,271,273,273,277,278,280,280,282,283,284,284,284,287,288,288,289,290,290,291,291,293,293,294,297,299,299,303,304,304,304,305,306,306,306,306,307,307,309,310,314,319,320,321,321,324,324,329,329,331,332,334,336,338,338,339,340,342,344,344,345,345,346,350,352,352,355,356,356,357,359,359,362,362,363,364,365,365,365,365,368,368,368,369,371,371,371,371,372,372,373,373,373,373,373,373,374,374,375,375,375,375,375,376,377,377,379,380,380,380,380,382,382,382,383,384,384,385,385,385,385,385,385,385,385,385,385,385,385,385,385,385,385,385,385,385,389,389,389,389,389,389,389,390,390,390,390,390,391,391,391,392,392,392,395,399,400,400,400,400,400,400,400,400,400,401,403,403,404,408,408,408,408,408,408,408,410,411,412,412,412,412,412,413,413,413,415,417,417,417,425,425,431,431,433,434,436,436,436,436,447,447,447,451,452,452,452,452,452,456,456,457,457,2701308
"Campestre","AL",0,0,0,0,0,0,0,0,0,0,0,0,0,0,0,0,0,0,0,0,0,0,0,0,0,0,0,0,0,0,0,0,0,0,0,0,0,0,0,0,0,0,0,0,0,0,0,0,0,0,0,0,0,0,0,0,0,0,0,0,0,0,0,0,0,0,0,0,0,0,0,0,1,1,1,8,9,9,10,10,10,10,11,11,14,14,14,14,14,14,15,15,15,15,15,17,18,18,19,19,21,21,21,21,21,25,25,28,28,29,30,30,31,33,33,33,33,33,34,34,35,35,35,39,39,39,39,40,40,40,40,40,40,42,43,43,43,46,46,46,46,49,49,49,49,49,49,49,49,53,53,53,57,57,64,64,64,64,64,64,64,66,69,74,78,82,82,82,82,82,82,86,88,88,89,89,89,89,89,89,89,89,89,89,89,89,89,89,89,89,90,90,90,90,91,91,92,92,92,92,94,94,94,94,94,94,94,94,94,94,94,94,94,94,94,94,94,94,94,94,94,94,94,94,94,94,95,96,96,96,96,96,96,96,96,96,96,96,96,96,96,96,96,96,96,96,96,96,96,96,96,96,96,96,96,96,96,96,96,96,96,96,96,96,96,96,96,96,96,96,96,96,96,96,96,96,96,96,96,96,96,96,96,96,96,96,96,96,97,97,97,97,98,98,98,98,98,98,98,98,98,98,100,100,101,101,101,101,101,101,101,101,101,101,102,104,104,104,104,104,104,104,105,105,106,106,106,106,106,106,107,107,107,108,108,108,110,110,110,110,110,111,111,111,111,111,111,111,113,113,113,116,116,117,117,117,117,117,117,117,122,123,123,123,123,123,125,126,126,126,126,126,127,128,130,132,133,133,134,139,142,143,145,146,148,148,157,163,178,180,180,180,190,190,190,202,214,214,214,2701357
"Campo Alegre","AL",0,0,0,0,0,0,0,0,0,0,0,0,0,0,0,0,0,0,0,0,0,0,0,0,0,0,0,0,0,0,0,0,0,0,0,0,0,0,0,0,0,0,0,0,0,0,0,0,0,0,0,0,0,0,0,0,0,0,0,0,0,0,0,0,0,0,1,2,3,3,3,3,3,3,3,3,3,4,4,4,4,4,4,6,6,9,20,20,20,20,20,20,20,21,21,21,21,21,29,29,29,29,45,45,56,56,103,103,104,104,104,105,109,188,256,256,283,287,288,349,368,415,415,427,501,515,515,532,545,563,583,583,599,650,674,774,787,790,790,802,814,814,818,818,818,818,818,861,864,908,941,1018,1020,1022,1026,1034,1043,1052,1078,1099,1105,1119,1125,1134,1139,1145,1149,1184,1185,1187,1190,1194,1199,1204,1210,1218,1220,1228,1231,1241,1248,1259,1260,1260,1262,1265,1266,1273,1276,1279,1280,1286,1287,1287,1293,1299,1300,1305,1311,1315,1319,1324,1325,1327,1330,1332,1335,1336,1341,1346,1348,1352,1362,1367,1368,1392,1395,1402,1402,1405,1405,1407,1415,1415,1415,1415,1415,1415,1419,1420,1420,1421,1421,1432,1434,1434,1438,1438,1439,1439,1439,1439,1439,1440,1440,1440,1440,1440,1440,1441,1441,1444,1445,1445,1445,1445,1446,1446,1448,1448,1448,1448,1448,1448,1448,1448,1449,1450,1450,1481,1481,1481,1482,1482,1482,1482,1484,1500,1510,1510,1512,1520,1523,1526,1530,1534,1535,1539,1541,1543,1545,1551,1551,1557,1559,1559,1563,1569,1585,1585,1585,1590,1596,1598,1598,1606,1613,1618,1621,1625,1628,1631,1631,1640,1641,1641,1642,1645,1646,1647,1652,1654,1655,1659,1660,1665,1665,1671,1671,1671,1680,1685,1691,1695,1706,1707,1713,1713,1715,1715,1718,1735,1747,1747,1756,1760,1766,1774,1780,1806,1808,1815,1823,1825,1835,1892,1893,1894,1896,1897,1897,1898,1899,1914,1917,1918,1932,1963,1965,1965,1986,1988,1993,2038,2041,2042,2085,2085,2094,2097,2099,2099,2100,2105,2105,2105,2143,2254,2259,2274,2280,2280,2280,2280,2280,2297,2298,2298,2298,2701407
"Campo Grande","AL",0,0,0,0,0,0,0,0,0,0,0,0,0,0,0,0,0,0,0,0,0,0,0,0,0,0,0,0,0,0,0,0,0,0,0,0,0,0,0,0,0,0,0,0,0,0,0,0,0,0,0,0,0,0,0,0,0,0,0,0,0,0,0,0,0,0,0,0,0,0,0,1,1,1,1,1,1,1,1,4,5,6,6,6,6,6,6,9,9,9,9,9,9,10,10,10,10,10,10,13,14,15,17,17,17,17,31,31,31,31,31,32,33,40,40,42,51,53,53,53,53,56,56,56,71,71,71,71,71,88,88,88,88,89,89,110,110,110,112,112,122,123,123,125,125,134,134,134,134,134,147,147,148,149,150,151,152,152,152,152,152,153,154,158,158,165,165,165,165,165,165,165,168,168,168,171,174,175,175,175,175,176,177,178,179,179,179,179,183,183,184,184,184,185,186,186,186,189,189,189,190,191,191,193,193,193,193,193,193,193,199,208,208,211,211,211,211,217,217,217,217,217,218,218,218,218,218,218,218,218,218,219,219,219,219,219,219,220,221,221,221,221,221,221,221,221,222,222,222,222,222,222,223,223,223,223,223,223,223,223,224,225,225,225,225,225,225,225,225,225,225,225,225,231,231,231,231,231,231,231,231,234,234,235,235,235,235,235,235,235,235,235,235,235,235,235,235,235,235,235,235,236,236,236,236,238,239,239,239,239,239,239,239,239,239,239,239,246,247,247,247,247,247,248,248,249,249,250,250,250,251,251,251,251,252,252,252,252,252,252,252,253,253,253,253,253,253,253,253,253,253,253,253,253,254,254,255,255,255,255,255,258,258,258,258,262,262,262,263,263,264,264,272,275,275,285,291,291,291,293,295,296,299,299,299,299,305,310,316,323,323,323,325,325,325,329,333,334,334,2701506
"Canapi","AL",0,0,0,0,0,0,0,0,0,0,0,0,0,0,0,0,0,0,0,0,0,0,0,0,0,0,0,0,0,0,0,0,0,0,0,0,0,0,0,0,0,0,0,0,0,0,0,0,0,0,0,0,0,0,0,0,0,0,0,0,0,0,0,0,0,0,0,0,0,0,0,0,0,1,1,1,1,1,1,1,1,1,1,1,1,1,1,1,1,1,2,2,2,2,3,3,3,3,3,3,3,3,3,3,3,3,3,4,5,5,5,6,6,6,6,6,6,6,6,6,9,10,10,10,10,10,10,10,10,10,10,12,12,13,13,13,13,13,13,13,14,14,15,16,16,16,16,19,19,25,30,30,30,30,30,34,34,37,38,38,38,38,44,45,50,51,52,52,52,52,53,56,56,56,56,56,56,56,56,56,56,59,59,59,59,60,60,60,60,60,61,61,61,61,61,61,61,61,62,63,64,64,64,64,64,64,64,64,64,64,64,65,65,65,65,65,65,65,65,65,65,66,66,66,66,66,66,66,66,66,66,66,66,66,66,66,66,66,66,66,66,66,66,66,66,66,66,66,66,66,66,66,66,66,66,66,66,66,66,66,66,66,67,67,67,67,67,67,67,68,68,68,68,68,68,68,68,68,68,68,68,68,68,68,68,68,68,68,68,68,68,68,68,68,68,68,68,69,69,69,69,69,69,69,69,69,69,69,69,69,69,69,69,69,69,69,69,70,70,71,71,71,71,71,71,72,72,72,72,73,74,74,74,74,75,75,75,75,75,75,75,76,76,76,76,76,85,86,86,86,86,87,87,96,96,96,96,96,96,96,96,96,96,96,96,96,96,96,96,96,96,96,96,96,96,96,96,96,96,96,96,96,111,112,112,112,112,113,113,113,114,114,115,115,115,115,115,115,115,2701605
"Capela","AL",0,0,0,0,0,0,0,0,0,0,0,0,0,0,0,0,0,0,0,0,0,0,0,0,0,0,0,0,0,0,0,0,0,0,0,0,0,0,0,0,0,0,0,0,0,0,0,0,0,0,0,0,0,0,0,0,1,1,1,1,1,1,1,1,1,1,2,2,2,2,2,2,2,2,2,2,2,5,5,5,8,9,9,9,9,13,13,20,21,21,21,21,21,21,70,92,92,94,98,117,117,135,153,162,165,186,187,209,209,228,229,229,252,254,254,270,289,290,290,301,301,302,303,311,351,352,353,355,355,355,355,358,359,375,375,376,425,427,427,427,440,441,454,455,455,455,455,455,462,473,474,474,480,480,481,483,483,484,485,485,485,487,489,490,493,493,493,493,494,496,498,498,499,499,499,501,501,502,502,502,502,502,502,502,502,502,502,502,502,502,503,508,508,508,508,508,508,508,509,510,512,512,512,512,512,512,512,520,520,520,520,520,520,520,521,521,521,521,526,526,526,527,528,528,528,528,528,529,529,529,529,529,529,531,531,531,531,531,531,531,531,531,531,532,532,532,532,532,532,532,532,532,533,533,533,534,534,534,534,534,534,534,535,535,535,535,535,536,536,536,536,536,536,536,537,538,539,539,539,539,539,541,543,544,547,547,547,547,547,547,547,548,550,550,550,550,554,555,555,555,555,556,558,560,560,560,560,560,563,563,563,563,563,564,564,565,566,566,567,567,568,568,568,569,570,570,570,570,570,572,573,573,573,573,573,573,575,577,577,577,579,579,579,579,579,579,579,579,584,584,588,589,592,595,595,599,602,602,602,602,603,604,607,607,607,609,609,609,611,612,612,613,613,613,618,618,621,621,623,625,625,628,630,636,636,636,638,641,642,642,645,645,645,645,645,650,650,653,653,2701704
"Carneiros","AL",0,0,0,0,0,0,0,0,0,0,0,0,0,0,0,0,0,0,0,0,0,0,0,0,0,0,0,0,0,0,0,0,0,0,0,0,0,0,0,0,0,0,0,0,0,0,0,0,0,0,0,0,0,0,0,0,0,0,0,0,0,0,0,0,0,0,0,0,0,0,0,0,0,0,0,0,0,0,0,0,3,4,4,5,5,5,5,5,7,10,10,11,12,12,12,12,12,12,13,14,14,14,14,14,14,15,16,17,17,17,17,18,18,19,19,20,20,20,23,23,23,23,24,24,24,24,24,25,27,27,27,27,27,28,28,28,28,28,30,30,30,35,35,35,35,35,35,35,39,39,40,46,47,47,47,48,48,48,50,51,51,51,51,60,60,60,60,60,63,64,64,64,66,66,66,67,69,71,71,72,72,73,75,75,75,77,77,77,77,77,77,77,77,78,79,79,79,79,80,81,81,81,82,83,83,83,83,83,83,84,85,85,85,85,85,87,87,87,87,87,87,87,87,87,87,87,87,87,87,87,87,87,88,88,88,88,88,88,88,88,88,88,89,89,90,90,90,90,90,90,90,91,91,91,94,95,95,95,95,95,95,95,95,95,95,95,97,97,97,97,97,97,97,97,97,97,97,97,97,97,97,97,97,97,98,99,99,99,99,99,99,99,101,101,101,101,101,101,101,102,102,102,104,104,104,104,104,104,104,104,105,105,106,107,107,107,107,107,107,108,108,108,108,108,109,110,110,111,111,111,111,111,111,112,112,112,113,115,115,116,116,117,117,120,120,120,120,120,120,120,120,120,120,120,120,120,120,120,120,120,120,121,122,124,124,124,125,125,125,125,126,126,126,126,127,127,130,130,130,134,135,135,138,138,139,139,143,149,153,160,161,161,161,161,161,161,164,164,164,2701803
"Chã Preta","AL",0,0,0,0,0,0,0,0,0,0,0,0,0,0,0,0,0,0,0,0,0,0,0,0,0,0,0,0,0,0,0,0,0,0,0,0,0,0,0,0,0,0,0,0,0,0,0,0,0,0,0,0,0,0,0,0,0,0,0,0,0,0,0,0,0,0,0,0,0,0,0,0,0,0,0,0,0,0,0,0,0,0,0,0,0,0,0,0,0,0,0,0,1,2,2,3,3,3,5,7,7,7,7,7,7,9,9,11,11,11,12,12,12,12,12,12,12,12,12,13,14,14,14,15,16,16,17,17,18,20,20,20,20,22,22,22,22,22,22,22,22,22,23,23,23,23,23,27,27,27,27,27,27,27,27,27,28,28,28,28,28,29,31,32,33,33,33,33,33,33,33,33,33,34,34,35,36,38,38,38,38,38,38,38,38,38,40,41,41,41,41,41,41,41,41,41,41,41,41,41,42,42,42,42,42,42,42,42,42,42,42,45,45,45,45,45,45,45,45,45,45,45,45,45,45,45,45,45,45,45,45,45,45,45,45,45,45,45,45,45,45,46,46,46,46,46,46,46,46,47,47,47,47,47,47,47,47,47,47,47,47,47,47,47,47,47,47,47,47,47,47,47,47,47,47,47,47,47,47,47,47,47,47,47,47,47,47,47,47,47,47,47,47,47,47,47,47,47,47,47,47,47,47,47,47,47,47,47,47,47,47,47,47,47,47,47,47,47,48,48,49,49,49,49,49,49,49,49,49,50,50,50,51,51,51,51,52,52,52,52,52,52,52,52,52,53,53,53,54,55,55,55,55,55,55,55,56,56,56,57,58,59,59,59,59,59,59,59,59,59,59,59,59,61,61,65,65,65,68,68,70,70,75,75,78,78,88,105,121,124,124,125,134,134,134,150,150,150,150,2701902
"Coité do Nóia","AL",0,0,0,0,0,0,0,0,0,0,0,0,0,0,0,0,0,0,0,0,0,0,0,0,0,0,0,0,0,0,0,0,0,0,0,0,0,0,0,0,0,0,0,0,0,0,0,0,0,0,0,0,0,0,0,0,0,0,0,0,0,0,0,0,0,0,0,0,0,0,0,0,1,1,1,1,1,1,1,1,1,3,3,4,4,4,4,4,4,4,4,4,5,5,6,6,6,6,8,8,8,8,9,9,10,10,14,15,15,21,21,22,27,27,27,33,36,36,39,40,40,46,47,47,54,54,56,56,69,72,74,74,74,79,82,83,83,83,85,85,86,97,100,101,101,103,103,104,109,111,112,112,112,115,116,116,116,117,120,123,123,125,127,127,128,129,131,131,132,132,132,133,134,135,135,140,140,140,140,140,140,144,144,144,145,145,145,145,145,146,146,146,146,146,146,146,146,146,146,146,147,147,147,147,148,148,148,148,148,148,148,151,151,151,151,151,151,151,151,151,151,151,151,151,151,151,152,152,152,152,152,153,153,153,153,153,153,153,153,153,153,154,154,154,154,154,154,154,154,154,154,154,155,155,155,155,155,155,155,156,159,159,159,159,159,159,159,159,159,159,159,159,159,159,159,159,159,159,159,159,161,163,164,164,170,170,170,171,174,174,174,175,178,179,179,179,182,183,185,185,185,187,188,192,192,194,199,199,200,204,204,204,204,207,207,207,208,208,208,208,208,208,208,212,214,216,216,219,219,220,220,220,220,220,221,222,223,225,225,225,225,225,225,225,227,227,230,230,230,230,230,231,231,231,232,232,238,238,238,238,238,238,238,238,238,242,242,242,242,242,250,251,251,255,255,256,269,269,271,277,278,278,278,278,278,278,281,290,293,306,306,306,307,307,307,314,314,315,315,2702009
"Colônia Leopoldina","AL",0,0,0,0,0,0,0,0,0,0,0,0,0,0,0,0,0,0,0,0,0,0,0,0,0,0,0,0,0,0,0,0,0,0,0,0,0,0,0,0,0,0,0,0,0,0,0,0,0,0,0,0,0,0,0,0,0,0,0,0,0,0,0,0,0,0,1,1,1,1,1,1,1,1,1,1,1,1,1,1,1,6,7,7,9,9,15,15,15,15,15,15,15,15,35,36,36,37,37,38,38,38,43,43,43,43,43,81,90,90,92,93,95,95,125,125,125,133,141,142,143,145,152,154,167,167,167,169,169,179,179,179,179,180,182,182,184,185,185,186,187,190,205,205,206,206,206,206,206,211,215,215,215,222,222,223,223,223,224,226,227,227,229,229,229,229,229,229,232,232,233,233,234,234,234,234,234,234,234,234,234,234,234,234,234,234,235,235,235,235,235,235,236,236,236,236,237,237,237,237,237,237,237,237,237,237,237,238,238,239,240,240,241,241,241,241,241,241,241,241,242,242,242,242,242,242,243,245,245,245,245,245,246,247,248,248,248,248,248,248,249,250,250,250,250,250,250,250,250,250,251,251,251,253,253,253,253,253,253,253,253,253,253,253,253,253,253,253,254,254,254,255,255,257,257,257,258,258,258,258,259,259,259,259,260,261,261,261,261,261,261,261,261,261,261,261,261,261,261,261,261,261,261,261,261,261,261,261,261,261,261,261,261,261,261,261,261,261,261,261,261,261,261,261,261,261,261,261,261,261,261,261,261,261,262,262,263,263,263,263,263,263,263,263,263,263,266,266,266,266,267,267,267,267,267,267,267,267,267,267,267,268,268,268,268,268,268,268,268,269,270,270,270,271,273,276,278,278,278,279,280,280,281,281,282,282,283,284,284,285,287,288,288,288,288,293,293,293,293,2702108
"Coqueiro Seco","AL",0,0,0,0,0,0,0,0,0,0,0,0,0,0,0,0,0,0,0,0,0,0,0,0,0,0,0,0,0,0,0,0,0,0,0,0,0,0,0,0,0,0,0,0,0,0,0,0,0,0,0,0,0,0,0,0,0,0,0,0,0,0,0,0,0,0,0,1,1,1,1,1,1,1,1,1,1,1,1,4,5,8,8,8,8,9,13,17,17,17,17,24,24,32,32,33,33,34,46,49,49,49,49,49,51,69,77,89,91,91,93,93,100,103,116,119,119,120,120,120,120,120,121,121,121,131,131,131,131,131,135,135,135,135,135,137,137,137,137,138,138,140,140,140,140,140,140,140,151,151,151,155,155,155,155,155,155,155,155,155,155,155,155,155,155,155,155,155,156,156,156,156,156,156,156,156,156,156,156,156,156,158,158,158,158,158,158,158,158,158,158,159,159,159,159,159,159,159,159,159,159,159,159,159,159,159,159,159,159,159,159,159,159,159,159,159,159,163,172,184,190,206,207,207,219,226,239,247,247,247,247,247,252,252,252,252,252,252,256,261,268,271,271,271,271,281,284,284,288,295,301,302,303,303,303,303,303,303,304,304,304,304,305,305,305,305,305,305,305,305,305,306,306,306,306,306,306,307,307,307,307,307,308,308,308,308,308,308,308,308,308,309,311,311,313,313,316,316,317,317,317,317,317,318,323,325,325,325,325,325,326,326,326,327,327,327,334,334,334,334,334,334,334,334,335,336,336,336,337,337,338,338,339,339,339,339,339,339,339,339,339,339,339,339,339,339,339,339,339,339,339,339,339,339,341,341,343,343,343,343,343,343,343,344,345,345,345,347,347,347,347,348,348,348,348,349,351,351,351,351,351,351,351,351,351,351,351,352,352,352,352,352,352,352,352,354,354,356,356,2702207
"Coruripe","AL",0,0,0,0,0,0,0,0,0,0,0,0,0,0,0,0,0,0,0,0,0,0,0,0,0,0,0,0,0,0,0,0,0,0,0,0,0,0,0,0,0,0,0,0,0,0,0,0,0,0,0,0,0,0,0,0,0,0,0,0,0,0,0,0,2,2,2,3,3,3,3,3,10,22,23,23,23,33,33,33,39,40,40,55,56,56,59,63,64,115,118,118,121,121,121,125,126,126,213,217,220,221,242,267,268,301,301,382,385,387,394,429,431,431,434,533,559,560,566,584,584,584,622,625,691,711,711,713,747,782,801,801,802,805,810,810,812,825,825,826,836,899,1001,1007,1010,1017,1019,1019,1081,1085,1112,1113,1113,1136,1145,1149,1149,1160,1171,1186,1195,1200,1211,1214,1217,1236,1241,1241,1258,1284,1301,1308,1315,1320,1322,1328,1338,1351,1352,1366,1370,1389,1390,1393,1409,1417,1419,1427,1428,1452,1452,1461,1467,1471,1477,1477,1478,1480,1484,1492,1500,1506,1506,1539,1545,1545,1551,1557,1560,1564,1575,1583,1592,1602,1608,1615,1615,1618,1624,1627,1633,1640,1649,1650,1653,1653,1653,1653,1661,1666,1666,1666,1673,1682,1684,1694,1699,1699,1702,1710,1731,1733,1738,1738,1745,1746,1750,1753,1755,1759,1761,1763,1766,1766,1767,1775,1780,1783,1796,1798,1801,1808,1816,1816,1819,1821,1832,1833,1838,1842,1847,1852,1858,1864,1869,1877,1881,1884,1889,1889,1893,1897,1900,1905,1917,1921,1922,1923,1923,1925,1932,1932,1941,1949,1953,1953,1973,1978,1996,2007,2009,2017,2026,2033,2034,2035,2037,2037,2041,2050,2054,2054,2059,2072,2072,2075,2080,2086,2091,2096,2106,2113,2126,2132,2138,2143,2143,2152,2154,2154,2169,2174,2175,2185,2190,2192,2196,2203,2213,2222,2237,2251,2270,2280,2300,2315,2328,2331,2331,2355,2365,2377,2379,2391,2394,2430,2470,2470,2471,2472,2473,2480,2481,2520,2524,2525,2539,2541,2546,2546,2573,2576,2582,2589,2594,2596,2608,2612,2618,2644,2650,2676,2684,2684,2685,2685,2694,2725,2741,2762,2774,2774,2780,2780,2780,2861,2861,2865,2865,2702306
"Craíbas","AL",0,0,0,0,0,0,0,0,0,0,0,0,0,0,0,0,0,0,0,0,0,0,0,0,0,0,0,0,0,0,0,0,0,0,0,0,0,0,0,0,0,0,0,0,0,0,0,0,0,0,0,0,0,0,0,0,0,0,0,0,0,0,0,0,0,0,0,0,0,0,0,0,0,0,1,1,1,1,1,3,3,7,7,7,7,7,7,16,16,16,22,35,36,37,37,55,55,55,80,81,88,88,101,101,101,112,112,127,127,128,128,130,136,150,164,172,172,172,172,173,173,173,205,206,206,209,213,215,216,250,265,267,268,268,291,292,294,294,299,299,301,302,325,351,351,351,351,352,392,420,427,454,457,459,461,480,492,495,519,520,520,530,531,539,540,552,552,552,571,573,585,585,592,592,593,594,598,598,598,598,602,602,602,607,607,615,615,615,615,615,619,619,622,622,623,623,623,625,625,629,629,630,630,630,635,635,638,638,639,639,639,641,642,642,642,642,642,643,644,645,645,645,645,645,645,645,645,645,645,645,645,645,645,649,651,651,651,651,651,654,654,663,663,664,664,664,665,665,676,676,676,676,676,677,677,693,693,693,693,693,693,693,712,712,712,712,712,713,713,714,714,714,714,714,714,715,734,734,734,734,734,735,735,755,755,757,757,757,757,761,765,776,777,777,778,778,779,786,787,787,787,790,791,792,793,793,793,793,793,795,796,796,796,796,796,796,796,796,797,797,798,798,798,798,798,800,800,801,809,815,816,821,821,821,821,821,822,826,826,828,828,828,828,847,853,853,854,861,861,861,861,861,861,861,871,871,872,872,872,872,873,873,873,874,874,881,881,882,883,883,883,883,888,893,893,893,893,893,893,894,894,904,906,906,906,906,906,908,908,918,918,918,918,918,918,929,930,935,935,2702355
"Delmiro Gouveia","AL",0,0,0,0,0,0,0,0,0,0,0,0,0,0,0,0,0,0,0,0,0,0,0,0,0,0,0,0,0,0,0,0,0,0,0,0,0,0,0,0,0,0,0,0,0,0,0,0,0,0,0,0,0,0,0,0,0,0,0,1,1,1,1,1,1,1,1,1,1,1,1,1,1,1,1,1,1,1,2,2,2,2,5,5,5,5,5,5,12,12,14,14,15,17,17,20,21,24,25,32,32,33,37,37,40,45,54,55,57,58,61,61,69,69,69,74,95,134,137,143,174,184,197,201,209,222,238,252,253,260,269,269,270,288,293,319,335,356,365,368,380,395,396,406,409,414,414,422,444,468,474,484,484,485,503,514,534,550,563,563,563,576,587,597,611,630,631,631,652,661,677,686,700,709,712,737,747,757,765,795,801,801,810,821,829,835,847,848,850,853,856,862,865,869,872,872,872,881,891,896,911,911,911,916,928,928,930,935,935,935,939,943,946,949,950,950,951,954,956,958,959,959,962,962,963,966,968,972,977,978,978,978,987,987,988,989,989,989,989,990,991,991,994,994,994,995,995,996,999,999,999,999,999,1002,1008,1013,1016,1016,1017,1020,1022,1022,1024,1026,1027,1027,1033,1034,1036,1036,1039,1039,1041,1043,1044,1047,1050,1052,1055,1055,1072,1083,1088,1092,1103,1107,1107,1111,1121,1126,1133,1134,1147,1151,1160,1160,1164,1171,1182,1184,1184,1189,1199,1205,1210,1212,1220,1220,1235,1245,1251,1252,1259,1267,1271,1272,1300,1314,1322,1338,1340,1340,1352,1366,1382,1399,1399,1420,1422,1442,1448,1474,1486,1508,1509,1509,1532,1549,1553,1566,1600,1606,1609,1610,1645,1667,1708,1750,1753,1758,1769,1802,1822,1831,1857,1862,1870,1870,1870,1891,1904,1931,1932,1933,1953,1963,1986,1986,2016,2019,2021,2031,2062,2070,2075,2091,2097,2097,2119,2127,2141,2145,2166,2171,2171,2171,2195,2210,2220,2250,2251,2255,2280,2280,2280,2338,2354,2361,2361,2702405
"Dois Riachos","AL",0,0,0,0,0,0,0,0,0,0,0,0,0,0,0,0,0,0,0,0,0,0,0,0,0,0,0,0,0,0,0,0,0,0,0,0,0,0,0,0,0,0,0,0,0,0,0,0,0,0,0,0,0,0,0,0,0,0,0,0,0,0,0,0,0,0,0,0,0,0,0,0,0,0,0,0,0,0,0,0,0,1,1,1,1,1,2,2,4,7,7,7,7,7,7,13,13,13,13,13,13,13,13,13,13,13,13,13,13,14,14,14,14,16,16,16,16,16,16,16,18,21,23,26,27,27,28,34,38,39,46,46,47,52,61,61,62,67,72,72,73,77,83,85,85,85,85,86,90,95,95,100,100,101,105,106,107,110,112,112,112,112,115,115,115,118,118,118,119,123,128,136,138,138,138,140,146,154,155,155,155,155,160,172,175,177,179,179,180,180,181,182,182,182,182,182,182,183,185,186,186,186,186,186,186,186,189,189,189,189,189,190,192,195,195,195,195,196,196,196,196,196,196,196,196,196,196,196,199,199,199,199,199,199,199,199,199,199,199,199,199,199,199,199,199,199,200,200,200,200,200,200,200,200,200,201,201,201,201,201,201,201,202,202,202,202,202,202,202,202,203,204,204,206,206,206,206,208,210,211,214,220,224,226,228,235,236,242,242,247,253,259,260,262,263,263,268,273,274,274,275,276,279,281,281,281,282,282,287,287,288,288,288,288,288,291,291,291,291,291,292,292,292,293,294,294,294,296,296,297,299,299,299,302,302,303,303,305,306,310,316,316,316,318,318,320,322,323,323,323,327,330,331,331,332,332,334,335,337,337,338,340,340,340,340,343,345,348,348,357,357,361,365,369,370,370,376,376,381,389,392,392,393,400,400,400,411,418,420,420,424,424,432,432,432,446,449,449,449,2702504
"Estrela de Alagoas","AL",0,0,0,0,0,0,0,0,0,0,0,0,0,0,0,0,0,0,0,0,0,0,0,0,0,0,0,0,0,0,0,0,0,0,0,0,0,0,0,0,0,0,0,0,0,0,0,0,0,0,0,0,0,0,0,0,0,0,0,0,0,0,0,0,0,0,0,0,0,0,0,0,0,0,0,0,0,0,0,0,0,0,0,0,0,0,0,0,1,1,1,2,2,3,3,4,4,4,7,8,8,8,8,8,8,8,10,10,12,13,13,13,13,15,15,15,21,21,21,21,22,22,26,27,27,27,28,29,29,36,38,43,43,47,49,50,50,68,68,68,68,69,69,88,88,102,102,103,116,118,119,144,148,149,149,150,150,156,161,162,162,162,163,163,163,163,163,163,163,163,164,164,166,167,167,167,167,167,168,171,171,171,172,172,172,172,172,172,172,173,174,175,175,175,175,175,175,176,176,178,178,178,178,178,178,179,184,185,185,185,185,192,194,194,194,194,194,197,197,197,197,197,197,197,197,197,197,197,197,197,197,197,197,198,198,198,199,199,199,199,199,199,199,199,199,199,199,199,199,200,200,200,200,200,200,200,200,200,200,200,200,200,200,202,202,202,202,202,202,205,205,205,205,205,205,205,205,205,205,205,205,205,205,205,205,206,206,206,206,206,208,208,211,211,211,211,212,212,212,212,212,212,212,212,212,212,212,212,212,212,212,212,212,212,212,217,218,218,218,219,219,219,220,222,223,223,223,223,223,225,226,226,226,226,226,226,231,232,233,233,233,233,233,234,234,235,235,238,238,240,240,241,241,242,243,243,243,243,243,243,244,244,244,244,246,247,247,247,247,247,247,247,250,250,250,253,253,253,253,253,261,262,262,262,262,262,265,266,266,266,266,266,266,266,266,268,269,271,271,2702553
